﻿<?xml version="1.0" encoding="utf-8"?>
<deployment>
  <id>be650c4f-e259-4ef9-97ed-a3b1e70862e6</id>
  <author>N/A</author>
  <deployer>Push-Deployer</deployer>
  <authorEmail>N/A</authorEmail>
  <message>Created via a push deployment</message>
  <progress></progress>
  <status>Success</status>
  <statusText></statusText>
  <lastSuccessEndTime>2025-12-01T08:18:16.7896898Z</lastSuccessEndTime>
  <receivedTime>2025-12-01T08:13:16.5088467Z</receivedTime>
  <startTime>2025-12-01T08:13:18.1914594Z</startTime>
  <endTime>2025-12-01T08:18:16.7896898Z</endTime>
  <complete>True</complete>
  <is_temp>False</is_temp>
  <is_readonly>True</is_readonly>
  <buildSummary />
</deployment>