﻿<?xml version="1.0" encoding="utf-8"?>
<deployment>
  <id>e88c4a4c-ff49-44cd-94ce-74301964eb33</id>
  <author>N/A</author>
  <deployer>Push-Deployer</deployer>
  <authorEmail>N/A</authorEmail>
  <message>Created via a push deployment</message>
  <progress></progress>
  <status>Success</status>
  <statusText></statusText>
  <lastSuccessEndTime>2025-11-30T04:39:55.2082887Z</lastSuccessEndTime>
  <receivedTime>2025-11-30T04:34:18.3103444Z</receivedTime>
  <startTime>2025-11-30T04:34:20.1056543Z</startTime>
  <endTime>2025-11-30T04:39:55.2082887Z</endTime>
  <complete>True</complete>
  <is_temp>False</is_temp>
  <is_readonly>True</is_readonly>
  <buildSummary />
</deployment>