﻿<?xml version="1.0" encoding="utf-8"?>
<deployment>
  <id>ae053434-6b40-4eb8-8b50-9d27dc3b6f77</id>
  <author>N/A</author>
  <deployer>Push-Deployer</deployer>
  <authorEmail>N/A</authorEmail>
  <message>Created via a push deployment</message>
  <progress></progress>
  <status>Success</status>
  <statusText></statusText>
  <lastSuccessEndTime>2025-12-01T11:23:33.0203465Z</lastSuccessEndTime>
  <receivedTime>2025-12-01T11:17:09.3457778Z</receivedTime>
  <startTime>2025-12-01T11:17:11.3657316Z</startTime>
  <endTime>2025-12-01T11:23:33.0203465Z</endTime>
  <complete>True</complete>
  <is_temp>False</is_temp>
  <is_readonly>True</is_readonly>
  <buildSummary />
</deployment>