﻿<?xml version="1.0" encoding="utf-8"?>
<deployment>
  <id>4e5da43d-3b34-4b30-a057-574eac30a6b2</id>
  <author>N/A</author>
  <deployer>Push-Deployer</deployer>
  <authorEmail>N/A</authorEmail>
  <message>Created via a push deployment</message>
  <progress></progress>
  <status>Success</status>
  <statusText></statusText>
  <lastSuccessEndTime>2025-12-01T09:13:01.3869717Z</lastSuccessEndTime>
  <receivedTime>2025-12-01T09:08:14.3425334Z</receivedTime>
  <startTime>2025-12-01T09:08:16.0991594Z</startTime>
  <endTime>2025-12-01T09:13:01.3869717Z</endTime>
  <complete>True</complete>
  <is_temp>False</is_temp>
  <is_readonly>True</is_readonly>
  <buildSummary />
</deployment>