﻿<?xml version="1.0" encoding="utf-8"?>
<deployment>
  <id>a850d8a8-81a1-4fa1-8406-6a1c0b2dad44</id>
  <author>N/A</author>
  <deployer>Push-Deployer</deployer>
  <authorEmail>N/A</authorEmail>
  <message>Created via a push deployment</message>
  <progress></progress>
  <status>Success</status>
  <statusText></statusText>
  <lastSuccessEndTime>2025-12-01T08:43:15.0328946Z</lastSuccessEndTime>
  <receivedTime>2025-12-01T08:38:34.0726218Z</receivedTime>
  <startTime>2025-12-01T08:38:35.8971221Z</startTime>
  <endTime>2025-12-01T08:43:15.0328946Z</endTime>
  <complete>True</complete>
  <is_temp>False</is_temp>
  <is_readonly>True</is_readonly>
  <buildSummary />
</deployment>