﻿<?xml version="1.0" encoding="utf-8"?>
<deployment>
  <id>5f9a445a-e510-49a7-97b9-837da6c8f57f</id>
  <author>N/A</author>
  <deployer>OneDeploy</deployer>
  <authorEmail>N/A</authorEmail>
  <message>OneDeploy</message>
  <progress></progress>
  <status>Success</status>
  <statusText></statusText>
  <lastSuccessEndTime>2025-12-10T13:41:51.8091018Z</lastSuccessEndTime>
  <receivedTime>2025-12-10T13:40:50.9126259Z</receivedTime>
  <startTime>2025-12-10T13:40:52.3931636Z</startTime>
  <endTime>2025-12-10T13:41:51.8091018Z</endTime>
  <complete>True</complete>
  <is_temp>False</is_temp>
  <is_readonly>True</is_readonly>
  <buildSummary />
</deployment>