﻿<?xml version="1.0" encoding="utf-8"?>
<deployment>
  <id>cef8a2a0-6284-49d7-a2ee-0b4215c28ef1</id>
  <author>N/A</author>
  <deployer>OneDeploy</deployer>
  <authorEmail>N/A</authorEmail>
  <message>OneDeploy</message>
  <progress></progress>
  <status>Success</status>
  <statusText></statusText>
  <lastSuccessEndTime>2025-12-10T11:54:11.3844544Z</lastSuccessEndTime>
  <receivedTime>2025-12-10T11:53:07.2937042Z</receivedTime>
  <startTime>2025-12-10T11:53:08.7787703Z</startTime>
  <endTime>2025-12-10T11:54:11.3844544Z</endTime>
  <complete>True</complete>
  <is_temp>False</is_temp>
  <is_readonly>True</is_readonly>
  <buildSummary />
</deployment>