<step title="BackgroundTrace" date="2025-12-10T12:36:56.130" instance="60744f" url="/api/publish" method="POST" >
  <step title="Cleanup Xml Logs" date="2025-12-10T12:36:56.145" /><!-- duration: 9ms -->
  <step title="Creating temporary deployment - FetchDeploymentManager" date="2025-12-10T12:36:56.213" /><!-- duration: 6ms -->
  <step title="Creating temporary deployment" date="2025-12-10T12:36:56.224" /><!-- duration: 60ms -->
  <step title="Performing fetch based deployment" date="2025-12-10T12:36:56.323" >
    <step title="Cleaning up temp folders from previous zip deployments and extracting pushed zip file /tmp/zipdeploy/c78aec63-6b22-4517-86e6-12bf4dddddc9.zip (3.26 MB) to /tmp/zipdeploy/extracted" date="2025-12-10T12:36:57.489" >
      <step title="ChmodRecursive Process exited with total time taken in ms: 29" date="2025-12-10T12:36:57.770" /><!-- duration: 6ms -->
    </step><!-- duration: 293ms -->
    <step title="Deployment timer started" date="2025-12-10T12:36:59.793" >
      <step title="DeploymentManager.Deploy(id:d98ab7f2-2d46-457b-8eba-40192f8b0925)" date="2025-12-10T12:36:59.800" >
        <step title="Collecting changeset information" date="2025-12-10T12:36:59.848" /><!-- duration: 91ms -->
        <step title="Updating submodules" date="2025-12-10T12:36:59.948" /><!-- duration: 1374ms -->
        <step title="Determining deployment builder" date="2025-12-10T12:37:01.595" >
          <step title="Builder is OryxBuilder" date="2025-12-10T12:37:01.614" /><!-- duration: 5ms -->
        </step><!-- duration: 29ms -->
        <step title="PreDeployment: context.CleanOutputPath False" date="2025-12-10T12:37:01.682" >
          <step title="PreDeployment: context.OutputPath /home/site/wwwroot" date="2025-12-10T12:37:01.857" >
            <step title="Building" date="2025-12-10T12:37:02.093" >
              <step title="Executing external process" date="2025-12-10T12:37:02.445" type="process" path="bash" arguments="-c &quot;oryx build /tmp/zipdeploy/extracted -o /home/site/wwwroot --platform python --platform-version 3.11 -p virtualenv_name=antenv --log-file /tmp/build-debug.log  -i /tmp/8de37e8d14839c9 --compress-destination-dir | tee /tmp/oryx-build.log ; exit $PIPESTATUS &quot;" /><!-- duration: 50255ms -->
              <step title="Using PythonDeploymentLogParser" date="2025-12-10T12:37:53.096" /><!-- duration: 7ms -->
              <step title="Modified file to trigger a restart of the app container." date="2025-12-10T12:37:54.491" /><!-- duration: 8ms -->
              <step title="Skip function trigger and logicapp sync because function is not enabled." date="2025-12-10T12:37:54.504" /><!-- duration: 5ms -->
            </step><!-- duration: 53429ms -->
          </step><!-- duration: 53677ms -->
          <step title="Cleaning up temp files" date="2025-12-10T12:37:55.544" /><!-- duration: 717ms -->
          <step title="Cleaning up temp files" date="2025-12-10T12:37:56.266" /><!-- duration: 508ms -->
          <step title="Reloading status file with latest updates" date="2025-12-10T12:37:56.823" >
            <step title="WebHooksManager.PublishEventAsync: PostDeployment" date="2025-12-10T12:37:56.828" /><!-- duration: 25ms -->
          </step><!-- duration: 35ms -->
          <step title="Cleaning up temporary deployment - fetch deployment was successful" date="2025-12-10T12:37:56.867" /><!-- duration: 5ms -->
        </step><!-- duration: 55246ms -->
      </step><!-- duration: 57151ms -->
