<step title="BackgroundTrace" date="2025-12-10T13:26:33.584" instance="60744f" url="/api/publish" method="POST" >
  <step title="Cleanup Xml Logs" date="2025-12-10T13:26:33.588" /><!-- duration: 10ms -->
  <step title="Creating temporary deployment - FetchDeploymentManager" date="2025-12-10T13:26:33.685" /><!-- duration: 5ms -->
  <step title="Creating temporary deployment" date="2025-12-10T13:26:33.696" /><!-- duration: 78ms -->
  <step title="Performing fetch based deployment" date="2025-12-10T13:26:33.820" >
    <step title="Cleaning up temp folders from previous zip deployments and extracting pushed zip file /tmp/zipdeploy/e5a22f87-c1df-42a0-987f-5d25a80f8d4f.zip (3.26 MB) to /tmp/zipdeploy/extracted" date="2025-12-10T13:26:35.031" >
      <step title="ChmodRecursive Process exited with total time taken in ms: 30" date="2025-12-10T13:26:35.293" /><!-- duration: 73ms -->
    </step><!-- duration: 341ms -->
    <step title="Deployment timer started" date="2025-12-10T13:26:37.385" >
      <step title="DeploymentManager.Deploy(id:cae829c1-da51-41bd-b63f-e9e58391022a)" date="2025-12-10T13:26:37.395" >
        <step title="Collecting changeset information" date="2025-12-10T13:26:37.443" /><!-- duration: 129ms -->
        <step title="Updating submodules" date="2025-12-10T13:26:37.581" /><!-- duration: 1156ms -->
        <step title="Determining deployment builder" date="2025-12-10T13:26:38.984" >
          <step title="Builder is OryxBuilder" date="2025-12-10T13:26:38.997" /><!-- duration: 5ms -->
        </step><!-- duration: 29ms -->
        <step title="PreDeployment: context.CleanOutputPath False" date="2025-12-10T13:26:39.073" >
          <step title="PreDeployment: context.OutputPath /home/site/wwwroot" date="2025-12-10T13:26:39.239" >
            <step title="Building" date="2025-12-10T13:26:39.418" >
              <step title="Executing external process" date="2025-12-10T13:26:39.757" type="process" path="bash" arguments="-c &quot;oryx build /tmp/zipdeploy/extracted -o /home/site/wwwroot --platform python --platform-version 3.11 -p virtualenv_name=antenv --log-file /tmp/build-debug.log  -i /tmp/8de37efbff1918f --compress-destination-dir | tee /tmp/oryx-build.log ; exit $PIPESTATUS &quot;" /><!-- duration: 63287ms -->
              <step title="Using PythonDeploymentLogParser" date="2025-12-10T13:27:43.463" /><!-- duration: 16ms -->
              <step title="Modified file to trigger a restart of the app container." date="2025-12-10T13:27:44.808" /><!-- duration: 7ms -->
              <step title="Skip function trigger and logicapp sync because function is not enabled." date="2025-12-10T13:27:44.825" /><!-- duration: 12ms -->
            </step><!-- duration: 66605ms -->
          </step><!-- duration: 66794ms -->
          <step title="Cleaning up temp files" date="2025-12-10T13:27:46.038" /><!-- duration: 748ms -->
          <step title="Cleaning up temp files" date="2025-12-10T13:27:46.791" /><!-- duration: 511ms -->
          <step title="Reloading status file with latest updates" date="2025-12-10T13:27:47.368" >
            <step title="WebHooksManager.PublishEventAsync: PostDeployment" date="2025-12-10T13:27:47.375" /><!-- duration: 41ms -->
          </step><!-- duration: 53ms -->
          <step title="Cleaning up temporary deployment - fetch deployment was successful" date="2025-12-10T13:27:47.429" /><!-- duration: 5ms -->
        </step><!-- duration: 68418ms -->
      </step><!-- duration: 70119ms -->
