<step title="Incoming Request" date="2025-12-10T12:36:51.558" instance="60744f" url="/api/publish?type=zip&amp;async=True" method="POST" type="request" pid="768,1,17" Accept="*/*" Host="cocoatrack-api-prod.scm.azurewebsites.net" User-Agent="AZURECLI/2.80.0 (MSI)" Accept-Encoding="gzip, deflate" Authorization="Bea..." Cache-Control="no-cache" Content-Type="application/octet-stream" Cookie="ARRAffinity=60744fb281ee7c3da65425757fc6252f7f0129baef2e8c097b212ac44c2046ca; ARRAffinitySameSite=60744fb281ee7c3da65425757fc6252f7f0129baef2e8c097b212ac44c2046ca" Content-Length="3419777" x-ms-client-request-id="d64e4c49-d5c4-11f0-bd32-70cf494b569b" x-ms-artifact-checksum="1baeae5c40ce6786c9a28c3076a29a81c49b73809820c3c1ec74b10b17f37542" X-ARR-LOG-ID="d64e4c49-d5c4-11f0-bd32-70cf494b569b" CLIENT-IP="102.244.98.232:19582" X-SITE-DEPLOYMENT-ID="cocoatrack-api-prod" WAS-DEFAULT-HOSTNAME="cocoatrack-api-prod.scm.azurewebsites.net" X-Forwarded-Proto="https" X-AppService-Proto="https" X-Forwarded-TlsVersion="1.3" X-WAWS-Unencoded-URL="/api/publish?type=zip&amp;async=True" X-Client-IP="102.244.98.232" X-Client-Port="19582" >
  <step title="OneDeploy" date="2025-12-10T12:36:51.571" >
    <step title="Starting PushDeployAsync" date="2025-12-10T12:36:51.581" /><!-- duration: 7ms -->
    <step title="Writing artifact to /tmp/zipdeploy/c78aec63-6b22-4517-86e6-12bf4dddddc9.zip" date="2025-12-10T12:36:51.600" >
      <step title="Writing multipart request body to /tmp/zipdeploy/c78aec63-6b22-4517-86e6-12bf4dddddc9.zip" date="2025-12-10T12:36:51.605" /><!-- duration: 5ms -->
    </step><!-- duration: 4495ms -->
    <step title="Removing previous build artifact&apos;s manifest file" date="2025-12-10T12:36:56.111" >
      <step title="Start deployment in the background" date="2025-12-10T12:36:56.124" >
        <step title="Acquiring Deployment Lock" date="2025-12-10T12:36:56.166" /><!-- duration: 5ms -->
        <step title="Acquired Deployment Lock" date="2025-12-10T12:36:56.203" /><!-- duration: 5ms -->
      </step><!-- duration: 165ms -->
    </step><!-- duration: 184ms -->
    <step title="Outgoing response" date="2025-12-10T12:36:56.301" type="response" statusCode="202" statusText="Accepted" /><!-- duration: 5ms -->
  </step><!-- duration: 4741ms -->
