<step title="BackgroundTrace" date="2025-12-10T12:06:45.714" instance="60744f" url="/api/publish" method="POST" >
  <step title="Cleanup Xml Logs" date="2025-12-10T12:06:45.719" /><!-- duration: 8ms -->
  <step title="Creating temporary deployment - FetchDeploymentManager" date="2025-12-10T12:06:45.783" /><!-- duration: 5ms -->
  <step title="Creating temporary deployment" date="2025-12-10T12:06:45.794" /><!-- duration: 63ms -->
  <step title="Performing fetch based deployment" date="2025-12-10T12:06:45.894" >
    <step title="Cleaning up temp folders from previous zip deployments and extracting pushed zip file /tmp/zipdeploy/e076556c-b33f-4d70-b9f5-c4c90bc8497c.zip (0.51 MB) to /tmp/zipdeploy/extracted" date="2025-12-10T12:06:47.061" >
      <step title="ChmodRecursive Process exited with total time taken in ms: 22" date="2025-12-10T12:06:47.194" /><!-- duration: 5ms -->
    </step><!-- duration: 142ms -->
    <step title="Deployment timer started" date="2025-12-10T12:06:49.214" >
      <step title="DeploymentManager.Deploy(id:52e8a7ca-c4e1-49c6-9f56-bcf4e2896204)" date="2025-12-10T12:06:49.223" >
        <step title="Collecting changeset information" date="2025-12-10T12:06:49.239" /><!-- duration: 105ms -->
        <step title="Updating submodules" date="2025-12-10T12:06:49.352" /><!-- duration: 1176ms -->
        <step title="Determining deployment builder" date="2025-12-10T12:06:50.784" >
          <step title="Builder is OryxBuilder" date="2025-12-10T12:06:50.798" /><!-- duration: 4ms -->
        </step><!-- duration: 23ms -->
        <step title="PreDeployment: context.CleanOutputPath False" date="2025-12-10T12:06:50.869" >
          <step title="PreDeployment: context.OutputPath /home/site/wwwroot" date="2025-12-10T12:06:51.002" >
            <step title="Building" date="2025-12-10T12:06:51.158" >
              <step title="Executing external process" date="2025-12-10T12:06:51.504" type="process" path="bash" arguments="-c &quot;oryx build /tmp/zipdeploy/extracted -o /home/site/wwwroot --platform python --platform-version 3.11 -p virtualenv_name=antenv --log-file /tmp/build-debug.log  -i /tmp/8de37e499f357ae --compress-destination-dir | tee /tmp/oryx-build.log ; exit $PIPESTATUS &quot;" /><!-- duration: 47736ms -->
              <step title="Using PythonDeploymentLogParser" date="2025-12-10T12:07:39.657" /><!-- duration: 6ms -->
              <step title="Modified file to trigger a restart of the app container." date="2025-12-10T12:07:40.936" /><!-- duration: 7ms -->
              <step title="Skip function trigger and logicapp sync because function is not enabled." date="2025-12-10T12:07:40.951" /><!-- duration: 5ms -->
            </step><!-- duration: 50678ms -->
          </step><!-- duration: 50841ms -->
          <step title="Cleaning up temp files" date="2025-12-10T12:07:41.849" /><!-- duration: 702ms -->
          <step title="Cleaning up temp files" date="2025-12-10T12:07:42.559" /><!-- duration: 506ms -->
          <step title="Reloading status file with latest updates" date="2025-12-10T12:07:43.111" >
            <step title="WebHooksManager.PublishEventAsync: PostDeployment" date="2025-12-10T12:07:43.116" /><!-- duration: 25ms -->
          </step><!-- duration: 35ms -->
          <step title="Cleaning up temporary deployment - fetch deployment was successful" date="2025-12-10T12:07:43.155" /><!-- duration: 4ms -->
        </step><!-- duration: 52345ms -->
      </step><!-- duration: 54012ms -->
