<step title="BackgroundTrace" date="2025-12-09T16:29:22.357" instance="60744f" url="/api/zipdeploy" method="POST" >
  <step title="Creating temporary deployment - FetchDeploymentManager" date="2025-12-09T16:29:22.485" /><!-- duration: 4ms -->
  <step title="Creating temporary deployment" date="2025-12-09T16:29:22.496" /><!-- duration: 90ms -->
  <step title="Performing fetch based deployment" date="2025-12-09T16:29:22.640" >
    <step title="Cleaning up temp folders from previous zip deployments and extracting pushed zip file /tmp/zipdeploy/24237dcc-2630-44f9-a73b-d8c30d709443.zip (3.26 MB) to /tmp/zipdeploy/extracted" date="2025-12-09T16:29:23.901" >
      <step title="ChmodRecursive Process exited with total time taken in ms: 30" date="2025-12-09T16:29:24.209" /><!-- duration: 5ms -->
    </step><!-- duration: 319ms -->
    <step title="Deployment timer started" date="2025-12-09T16:29:26.232" >
      <step title="DeploymentManager.Deploy(id:b5d70714-5b89-4f04-86ef-58cd7baa57e7)" date="2025-12-09T16:29:26.242" >
        <step title="Collecting changeset information" date="2025-12-09T16:29:26.260" /><!-- duration: 121ms -->
        <step title="Updating submodules" date="2025-12-09T16:29:26.390" /><!-- duration: 1177ms -->
        <step title="Determining deployment builder" date="2025-12-09T16:29:27.939" >
          <step title="Builder is OryxBuilder" date="2025-12-09T16:29:27.954" /><!-- duration: 19ms -->
        </step><!-- duration: 39ms -->
        <step title="PreDeployment: context.CleanOutputPath False" date="2025-12-09T16:29:28.105" >
          <step title="PreDeployment: context.OutputPath /home/site/wwwroot" date="2025-12-09T16:29:28.274" >
            <step title="Building" date="2025-12-09T16:29:28.479" >
              <step title="Executing external process" date="2025-12-09T16:29:28.940" type="process" path="bash" arguments="-c &quot;oryx build /tmp/zipdeploy/extracted -o /home/site/wwwroot --platform python --platform-version 3.11 -p virtualenv_name=antenv --log-file /tmp/build-debug.log  -i /tmp/8de37401f8ba8db --compress-destination-dir | tee /tmp/oryx-build.log ; exit $PIPESTATUS &quot;" /><!-- duration: 63527ms -->
              <step title="Using PythonDeploymentLogParser" date="2025-12-09T16:30:32.965" /><!-- duration: 5ms -->
              <step title="Triggering recycle (preview mode disabled)." date="2025-12-09T16:30:34.884" /><!-- duration: 8ms -->
              <step title="Modified file to trigger a restart of the app container." date="2025-12-09T16:30:34.942" /><!-- duration: 6ms -->
              <step title="Skip function trigger and logicapp sync because function is not enabled." date="2025-12-09T16:30:34.959" /><!-- duration: 5ms -->
            </step><!-- duration: 67375ms -->
          </step><!-- duration: 67589ms -->
          <step title="Cleaning up temp files" date="2025-12-09T16:30:35.869" /><!-- duration: 960ms -->
          <step title="Cleaning up temp files" date="2025-12-09T16:30:36.836" /><!-- duration: 509ms -->
          <step title="Reloading status file with latest updates" date="2025-12-09T16:30:37.421" >
            <step title="WebHooksManager.PublishEventAsync: PostDeployment" date="2025-12-09T16:30:37.434" /><!-- duration: 51ms -->
          </step><!-- duration: 70ms -->
          <step title="Cleaning up temporary deployment - fetch deployment was successful" date="2025-12-09T16:30:37.503" /><!-- duration: 6ms -->
        </step><!-- duration: 69472ms -->
      </step><!-- duration: 71358ms -->
