﻿<?xml version="1.0" encoding="utf-8"?>
<deployment>
  <id>ce5524d3-515d-4355-9fae-41fc17e29f56</id>
  <author>N/A</author>
  <deployer>OneDeploy</deployer>
  <authorEmail>N/A</authorEmail>
  <message>OneDeploy</message>
  <progress></progress>
  <status>Success</status>
  <statusText></statusText>
  <lastSuccessEndTime>2025-12-02T05:56:33.7483556Z</lastSuccessEndTime>
  <receivedTime>2025-12-02T05:50:40.4026384Z</receivedTime>
  <startTime>2025-12-02T05:50:42.4626907Z</startTime>
  <endTime>2025-12-02T05:56:33.7483556Z</endTime>
  <complete>True</complete>
  <is_temp>False</is_temp>
  <is_readonly>True</is_readonly>
  <buildSummary />
</deployment>