﻿<?xml version="1.0" encoding="utf-8"?>
<deployment>
  <id>a78fe7c4-f235-4094-9045-df36ba48f514</id>
  <author>N/A</author>
  <deployer>OneDeploy</deployer>
  <authorEmail>N/A</authorEmail>
  <message>OneDeploy</message>
  <progress></progress>
  <status>Success</status>
  <statusText></statusText>
  <lastSuccessEndTime>2025-12-10T12:51:49.520973Z</lastSuccessEndTime>
  <receivedTime>2025-12-10T12:50:44.5405459Z</receivedTime>
  <startTime>2025-12-10T12:50:45.9591375Z</startTime>
  <endTime>2025-12-10T12:51:49.520973Z</endTime>
  <complete>True</complete>
  <is_temp>False</is_temp>
  <is_readonly>True</is_readonly>
  <buildSummary />
</deployment>