﻿<?xml version="1.0" encoding="utf-8"?>
<deployment>
  <id>60131a8d-e3b4-4d44-94eb-1e052303f6c6</id>
  <author>N/A</author>
  <deployer>OneDeploy</deployer>
  <authorEmail>N/A</authorEmail>
  <message>OneDeploy</message>
  <progress></progress>
  <status>Success</status>
  <statusText></statusText>
  <lastSuccessEndTime>2025-12-10T13:07:31.5155416Z</lastSuccessEndTime>
  <receivedTime>2025-12-10T13:06:25.3863799Z</receivedTime>
  <startTime>2025-12-10T13:06:26.8118502Z</startTime>
  <endTime>2025-12-10T13:07:31.5155416Z</endTime>
  <complete>True</complete>
  <is_temp>False</is_temp>
  <is_readonly>True</is_readonly>
  <buildSummary />
</deployment>