{
  "name": "cocoatrack-api",
  "resourceGroup": "cocoatrack-rg",
  "location": "westeurope",
  "runtime": "PYTHON:3.11",
  "sku": "B1",
  "startupCommand": "bash startup.sh",
  "appSettings": {
    "DATABASE_URL": "postgresql://adminuser:password@server.postgres.database.azure.com:5432/cocoatrack?sslmode=require",
    "SECRET_KEY": "CHANGE_ME_IN_PRODUCTION",
    "ALGORITHM": "HS256",
    "ACCESS_TOKEN_EXPIRE_MINUTES": "30",
    "REFRESH_TOKEN_EXPIRE_DAYS": "7",
    "CORS_ORIGINS": "https://votre-app.vercel.app,http://localhost:3000",
    "SCM_DO_BUILD_DURING_DEPLOYMENT": "true"
  }
}
