﻿<?xml version="1.0" encoding="utf-8"?>
<deployment>
  <id>b5d70714-5b89-4f04-86ef-58cd7baa57e7</id>
  <author>N/A</author>
  <deployer>Push-Deployer</deployer>
  <authorEmail>N/A</authorEmail>
  <message>Created via a push deployment</message>
  <progress></progress>
  <status>Success</status>
  <statusText></statusText>
  <lastSuccessEndTime>2025-12-09T16:30:35.3979172Z</lastSuccessEndTime>
  <receivedTime>2025-12-09T16:29:26.2934978Z</receivedTime>
  <startTime>2025-12-09T16:29:27.8323362Z</startTime>
  <endTime>2025-12-09T16:30:35.3979172Z</endTime>
  <complete>True</complete>
  <is_temp>False</is_temp>
  <is_readonly>True</is_readonly>
  <buildSummary />
</deployment>