﻿<?xml version="1.0" encoding="utf-8"?>
<deployment>
  <id>113b276c-0682-4ba8-b919-a3350fe73f44</id>
  <author>N/A</author>
  <deployer>Push-Deployer</deployer>
  <authorEmail>N/A</authorEmail>
  <message>Created via a push deployment</message>
  <progress></progress>
  <status>Success</status>
  <statusText></statusText>
  <lastSuccessEndTime>2025-11-30T06:26:46.4318429Z</lastSuccessEndTime>
  <receivedTime>2025-11-30T06:21:02.532706Z</receivedTime>
  <startTime>2025-11-30T06:21:04.1945464Z</startTime>
  <endTime>2025-11-30T06:26:46.4318429Z</endTime>
  <complete>True</complete>
  <is_temp>False</is_temp>
  <is_readonly>True</is_readonly>
  <buildSummary />
</deployment>