﻿<?xml version="1.0" encoding="utf-8"?>
<deployment>
  <id>d98ab7f2-2d46-457b-8eba-40192f8b0925</id>
  <author>N/A</author>
  <deployer>OneDeploy</deployer>
  <authorEmail>N/A</authorEmail>
  <message>OneDeploy</message>
  <progress></progress>
  <status>Success</status>
  <statusText></statusText>
  <lastSuccessEndTime>2025-12-10T12:37:54.8908432Z</lastSuccessEndTime>
  <receivedTime>2025-12-10T12:36:59.8754306Z</receivedTime>
  <startTime>2025-12-10T12:37:01.5204869Z</startTime>
  <endTime>2025-12-10T12:37:54.8908432Z</endTime>
  <complete>True</complete>
  <is_temp>False</is_temp>
  <is_readonly>True</is_readonly>
  <buildSummary />
</deployment>