<step title="Incoming Request" date="2025-11-29T21:11:10.351" instance="c18970" url="/api/zipdeploy?isAsync=true" method="POST" type="request" pid="768,1,7" Accept="*/*" Host="cocoatrack-api-20251129203507.scm.azurewebsites.net" User-Agent="AZURECLI/2.80.0 (MSI)" Accept-Encoding="gzip, deflate" Authorization="Bea..." Cache-Control="no-cache" Content-Type="application/octet-stream" Content-Length="246092" x-ms-client-request-id="c3403937-cd67-11f0-9be6-70cf494b569e" x-ms-artifact-checksum="4c5fd26a3558dfd3f57e0d92582cf04d1e684075d0cf06c0ebfdcd09a5f75848" X-ARR-LOG-ID="c3403937-cd67-11f0-9be6-70cf494b569e" CLIENT-IP="102.244.222.54:16671" X-SITE-DEPLOYMENT-ID="cocoatrack-api-20251129203507" WAS-DEFAULT-HOSTNAME="cocoatrack-api-20251129203507.scm.azurewebsites.net" X-Forwarded-Proto="https" X-AppService-Proto="https" X-Forwarded-TlsVersion="1.3" X-WAWS-Unencoded-URL="/api/zipdeploy?isAsync=true" X-Client-IP="102.244.222.54" X-Client-Port="16671" >
  <step title="ZipPushDeploy" date="2025-11-29T21:11:11.155" >
    <step title="ZipDeploy. Extract zip. Remote build." date="2025-11-29T21:11:11.221" /><!-- duration: 14ms -->
    <step title="None repository commit" date="2025-11-29T21:11:11.281" >
      <step title="Commit id: 8f7eae41-0494-49d1-b2e5-c1b5cd918644" date="2025-11-29T21:11:11.300" Message="N/A" AuthorName="N/A" AuthorEmail="N/A" /><!-- duration: 12ms -->
    </step><!-- duration: 43ms -->
    <step title="Starting PushDeployAsync" date="2025-11-29T21:11:11.336" /><!-- duration: 8ms -->
    <step title="Writing artifact to /tmp/zipdeploy/443c12f3-f5cf-47e9-8d7a-5f1d4015fa7b.zip" date="2025-11-29T21:11:11.388" >
      <step title="Writing multipart request body to /tmp/zipdeploy/443c12f3-f5cf-47e9-8d7a-5f1d4015fa7b.zip" date="2025-11-29T21:11:11.400" /><!-- duration: 13ms -->
    </step><!-- duration: 163ms -->
    <step title="Removing previous build artifact&apos;s manifest file" date="2025-11-29T21:11:11.563" >
      <step title="Start deployment in the background" date="2025-11-29T21:11:11.607" >
        <step title="Acquiring Deployment Lock" date="2025-11-29T21:11:11.651" /><!-- duration: 9ms -->
        <step title="Acquired Deployment Lock" date="2025-11-29T21:11:11.741" /><!-- duration: 8ms -->
      </step><!-- duration: 293ms -->
    </step><!-- duration: 351ms -->
    <step title="Outgoing response" date="2025-11-29T21:11:11.943" type="response" statusCode="202" statusText="Accepted" /><!-- duration: 8ms -->
  </step><!-- duration: 804ms -->
