<step title="Incoming Request" date="2025-12-01T22:55:43.699" instance="c18970" url="/api/deployments/latest" method="GET" type="request" pid="770,1,19" Accept="*/*" Host="cocoatrack-api-20251129203507.scm.azurewebsites.net" User-Agent="AZURECLI/2.80.0 (MSI)" Accept-Encoding="gzip, deflate" Authorization="Bea..." x-ms-client-request-id="ce006e30-cf08-11f0-bf61-70cf494b569e" X-ARR-LOG-ID="ce006e30-cf08-11f0-bf61-70cf494b569e" CLIENT-IP="37.19.199.147:53184" X-SITE-DEPLOYMENT-ID="cocoatrack-api-20251129203507" WAS-DEFAULT-HOSTNAME="cocoatrack-api-20251129203507.scm.azurewebsites.net" X-Forwarded-Proto="https" X-AppService-Proto="https" X-Forwarded-TlsVersion="1.3" X-WAWS-Unencoded-URL="/api/deployments/latest" X-Client-IP="37.19.199.147" X-Client-Port="53184" >
  <step title="Cleanup Xml Logs" date="2025-12-01T22:55:43.705" >
    <step title="Cleanup Infos" date="2025-12-01T22:55:43.731" totalFiles="384" totalCleanup="224" /><!-- duration: 16ms -->
  </step><!-- duration: 49ms -->
  <step title="DeploymentService.GetResult" date="2025-12-01T22:55:44.008" >
    <step title="DeploymentService.GetLatestDeployment" date="2025-12-01T22:55:44.027" >
      <step title="DeploymentManager.GetResults" date="2025-12-01T22:55:44.057" /><!-- duration: 2075ms -->
    </step><!-- duration: 2151ms -->
  </step><!-- duration: 2249ms -->
  <step title="Outgoing response" date="2025-12-01T22:55:46.516" type="response" statusCode="202" statusText="Accepted" /><!-- duration: 17ms -->
</step><!-- duration: 2862ms -->
