<step title="Incoming Request" date="2025-11-30T06:20:56.834" instance="c18970" url="/api/zipdeploy?isAsync=true" method="POST" type="request" pid="776,1,39" Accept="*/*" Host="cocoatrack-api-20251129203507.scm.azurewebsites.net" User-Agent="AZURECLI/2.80.0 (MSI)" Accept-Encoding="gzip, deflate" Authorization="Bea..." Cache-Control="no-cache" Content-Type="application/octet-stream" Content-Length="246299" x-ms-client-request-id="a92f49b4-cdb4-11f0-b49e-70cf494b569e" x-ms-artifact-checksum="7bafc7f4458f887c5c55fb489e6ecdb6a925cb75b44f6b07dccecb6f2a5dcd7c" X-ARR-LOG-ID="a92f49b4-cdb4-11f0-b49e-70cf494b569e" CLIENT-IP="149.88.27.146:37962" X-SITE-DEPLOYMENT-ID="cocoatrack-api-20251129203507" WAS-DEFAULT-HOSTNAME="cocoatrack-api-20251129203507.scm.azurewebsites.net" X-Forwarded-Proto="https" X-AppService-Proto="https" X-Forwarded-TlsVersion="1.3" X-WAWS-Unencoded-URL="/api/zipdeploy?isAsync=true" X-Client-IP="149.88.27.146" X-Client-Port="37962" >
  <step title="Cleanup Xml Logs" date="2025-11-30T06:20:56.841" /><!-- duration: 25ms -->
  <step title="ZipPushDeploy" date="2025-11-30T06:20:57.134" >
    <step title="ZipDeploy. Extract zip. Remote build." date="2025-11-30T06:20:57.181" /><!-- duration: 14ms -->
    <step title="Starting PushDeployAsync" date="2025-11-30T06:20:57.222" /><!-- duration: 8ms -->
    <step title="Writing artifact to /tmp/zipdeploy/e74f7f1f-e527-4e24-b214-b3ed210c2909.zip" date="2025-11-30T06:20:57.266" >
      <step title="Writing multipart request body to /tmp/zipdeploy/e74f7f1f-e527-4e24-b214-b3ed210c2909.zip" date="2025-11-30T06:20:57.276" /><!-- duration: 13ms -->
    </step><!-- duration: 165ms -->
    <step title="Removing previous build artifact&apos;s manifest file" date="2025-11-30T06:20:57.471" >
      <step title="Start deployment in the background" date="2025-11-30T06:20:57.503" >
        <step title="Acquiring Deployment Lock" date="2025-11-30T06:20:57.607" /><!-- duration: 8ms -->
        <step title="Acquired Deployment Lock" date="2025-11-30T06:20:57.713" /><!-- duration: 8ms -->
      </step><!-- duration: 635ms -->
    </step><!-- duration: 748ms -->
    <step title="Outgoing response" date="2025-11-30T06:20:58.239" type="response" statusCode="202" statusText="Accepted" /><!-- duration: 9ms -->
  </step><!-- duration: 1124ms -->
