<step title="BackgroundTrace" date="2025-12-01T22:28:41.956" instance="c18970" url="/api/zipdeploy" method="POST" >
  <step title="Cleanup Xml Logs" date="2025-12-01T22:28:41.994" >
    <step title="Cleanup Infos" date="2025-12-01T22:28:42.099" totalFiles="357" totalCleanup="197" /><!-- duration: 20ms -->
  </step><!-- duration: 151ms -->
  <step title="Creating temporary deployment - FetchDeploymentManager" date="2025-12-01T22:28:42.530" /><!-- duration: 60ms -->
  <step title="Creating temporary deployment" date="2025-12-01T22:28:42.668" /><!-- duration: 342ms -->
  <step title="Performing fetch based deployment" date="2025-12-01T22:28:43.439" >
    <step title="Cleaning up temp folders from previous zip deployments and extracting pushed zip file /tmp/zipdeploy/fb3fe48e-9e7c-44be-a8ab-4518319bebfd.zip (0.25 MB) to /tmp/zipdeploy/extracted" date="2025-12-01T22:28:45.070" >
      <step title="ChmodRecursive Process exited with total time taken in ms: 109" date="2025-12-01T22:28:45.480" /><!-- duration: 18ms -->
    </step><!-- duration: 445ms -->
    <step title="Deployment timer started" date="2025-12-01T22:28:47.556" >
      <step title="DeploymentManager.Deploy(id:38c2a859-226d-4bf6-bb9e-1a7c54360018)" date="2025-12-01T22:28:47.570" >
        <step title="Collecting changeset information" date="2025-12-01T22:28:47.701" /><!-- duration: 232ms -->
        <step title="Updating submodules" date="2025-12-01T22:28:47.948" /><!-- duration: 1275ms -->
        <step title="Determining deployment builder" date="2025-12-01T22:28:49.689" >
          <step title="Builder is OryxBuilder" date="2025-12-01T22:28:49.724" /><!-- duration: 8ms -->
        </step><!-- duration: 50ms -->
        <step title="PreDeployment: context.CleanOutputPath False" date="2025-12-01T22:28:49.840" >
          <step title="PreDeployment: context.OutputPath /home/site/wwwroot" date="2025-12-01T22:28:50.047" >
            <step title="Building" date="2025-12-01T22:28:50.311" >
              <step title="Executing external process" date="2025-12-01T22:28:50.877" type="process" path="bash" arguments="-c &quot;oryx build /tmp/zipdeploy/extracted -o /home/site/wwwroot --platform python --platform-version 3.11 -p virtualenv_name=antenv --log-file /tmp/build-debug.log  -i /tmp/8de3129000e1d65 --compress-destination-dir | tee /tmp/oryx-build.log ; exit $PIPESTATUS &quot;" >
                <step title="Cpu: python(967,35.610s)+ts(968,0.130s)+build.sh(966,0.000s)+build.sh(965,0.000s)+build.sh(857,0.080s)+oryx(835,7.680s)+tee(836,0.010s)+bash(834,0.000s)=total(43.500s)" date="2025-12-01T22:31:27.510" /><!-- duration: 29ms -->
                <step title="bash: no io activity for 61s, prev-cpu=-1.000s, current-cpu=43.500s" date="2025-12-01T22:31:27.579" /><!-- duration: 26ms -->
                <step title="Cpu: python(967,70.280s)+ts(968,0.130s)+build.sh(966,0.000s)+build.sh(965,0.000s)+build.sh(857,0.080s)+oryx(835,7.750s)+tee(836,0.010s)+bash(834,0.000s)=total(78.240s)" date="2025-12-01T22:32:28.288" /><!-- duration: 97ms -->
                <step title="bash: no io activity for 122s, prev-cpu=43.500s, current-cpu=78.240s" date="2025-12-01T22:32:28.816" /><!-- duration: 86ms -->
                <step title="Cpu: rsync(1089,3.090s)+rsync(1088,0.500s)+rsync(1086,3.170s)+build.sh(857,0.100s)+oryx(835,8.600s)+tee(836,0.010s)+bash(834,0.000s)=total(15.470s)" date="2025-12-01T22:35:00.244" /><!-- duration: 40ms -->
                <step title="bash: no io activity for 61s, prev-cpu=-1.000s, current-cpu=15.470s" date="2025-12-01T22:35:00.363" /><!-- duration: 70ms -->
