<step title="Incoming Request" date="2025-12-01T07:52:13.208" instance="c18970" url="/api/zipdeploy?isAsync=true" method="POST" type="request" pid="776,1,94" Accept="*/*" Host="cocoatrack-api-20251129203507.scm.azurewebsites.net" User-Agent="AZURECLI/2.80.0 (MSI)" Accept-Encoding="gzip, deflate" Authorization="Bea..." Cache-Control="no-cache" Content-Type="application/octet-stream" Content-Length="246486" x-ms-client-request-id="9197aaa4-ce8a-11f0-b7e2-70cf494b569b" x-ms-artifact-checksum="c84cf6d99e0dc6a95a3574f55250e98f0459e24fad60df55fca88d5d3da4490d" X-ARR-LOG-ID="9197aaa4-ce8a-11f0-b7e2-70cf494b569b" CLIENT-IP="102.244.98.82:28656" X-SITE-DEPLOYMENT-ID="cocoatrack-api-20251129203507" WAS-DEFAULT-HOSTNAME="cocoatrack-api-20251129203507.scm.azurewebsites.net" X-Forwarded-Proto="https" X-AppService-Proto="https" X-Forwarded-TlsVersion="1.3" X-WAWS-Unencoded-URL="/api/zipdeploy?isAsync=true" X-Client-IP="102.244.98.82" X-Client-Port="28656" >
  <step title="Cleanup Xml Logs" date="2025-12-01T07:52:13.246" /><!-- duration: 87ms -->
  <step title="ZipPushDeploy" date="2025-12-01T07:52:14.534" >
    <step title="ZipDeploy. Extract zip. Remote build." date="2025-12-01T07:52:14.641" /><!-- duration: 26ms -->
    <step title="Starting PushDeployAsync" date="2025-12-01T07:52:14.707" /><!-- duration: 38ms -->
    <step title="Writing artifact to /tmp/zipdeploy/36b26577-ac22-4fc6-b822-aead0f34bab7.zip" date="2025-12-01T07:52:14.928" >
      <step title="Writing multipart request body to /tmp/zipdeploy/36b26577-ac22-4fc6-b822-aead0f34bab7.zip" date="2025-12-01T07:52:14.986" /><!-- duration: 49ms -->
    </step><!-- duration: 734ms -->
    <step title="Removing previous build artifact&apos;s manifest file" date="2025-12-01T07:52:15.748" >
      <step title="Start deployment in the background" date="2025-12-01T07:52:16.003" >
        <step title="Acquiring Deployment Lock" date="2025-12-01T07:52:16.300" /><!-- duration: 20ms -->
        <step title="Acquired Deployment Lock" date="2025-12-01T07:52:16.781" /><!-- duration: 38ms -->
      </step><!-- duration: 1721ms -->
    </step><!-- duration: 2142ms -->
    <step title="Outgoing response" date="2025-12-01T07:52:18.058" type="response" statusCode="202" statusText="Accepted" /><!-- duration: 19ms -->
  </step><!-- duration: 3562ms -->
