<step title="Incoming Request" date="2025-12-01T08:52:35.454" instance="c18970" url="/api/zipdeploy?isAsync=true" method="POST" type="request" pid="776,1,50" Accept="*/*" Host="cocoatrack-api-20251129203507.scm.azurewebsites.net" User-Agent="AZURECLI/2.80.0 (MSI)" Accept-Encoding="gzip, deflate" Authorization="Bea..." Cache-Control="no-cache" Content-Type="application/octet-stream" Content-Length="248846" x-ms-client-request-id="037f5a05-ce93-11f0-84dc-70cf494b569b" x-ms-artifact-checksum="1aaff68ef1d6980e17634b7e75e9247405a6512c9f91a4bf77a21a988d4de84f" X-ARR-LOG-ID="037f5a05-ce93-11f0-84dc-70cf494b569b" CLIENT-IP="102.244.98.82:31847" X-SITE-DEPLOYMENT-ID="cocoatrack-api-20251129203507" WAS-DEFAULT-HOSTNAME="cocoatrack-api-20251129203507.scm.azurewebsites.net" X-Forwarded-Proto="https" X-AppService-Proto="https" X-Forwarded-TlsVersion="1.3" X-WAWS-Unencoded-URL="/api/zipdeploy?isAsync=true" X-Client-IP="102.244.98.82" X-Client-Port="31847" >
  <step title="Cleanup Xml Logs" date="2025-12-01T08:52:35.461" >
    <step title="Cleanup Infos" date="2025-12-01T08:52:35.484" totalFiles="251" totalCleanup="91" /><!-- duration: 12ms -->
  </step><!-- duration: 44ms -->
  <step title="ZipPushDeploy" date="2025-12-01T08:52:35.641" >
    <step title="ZipDeploy. Extract zip. Remote build." date="2025-12-01T08:52:35.661" /><!-- duration: 8ms -->
    <step title="Starting PushDeployAsync" date="2025-12-01T08:52:35.707" /><!-- duration: 15ms -->
    <step title="Writing artifact to /tmp/zipdeploy/eccbc97c-47ba-47de-ba9d-0dc9ed077ee2.zip" date="2025-12-01T08:52:35.753" >
      <step title="Writing multipart request body to /tmp/zipdeploy/eccbc97c-47ba-47de-ba9d-0dc9ed077ee2.zip" date="2025-12-01T08:52:35.762" /><!-- duration: 38ms -->
    </step><!-- duration: 359ms -->
    <step title="Removing previous build artifact&apos;s manifest file" date="2025-12-01T08:52:36.127" >
      <step title="Start deployment in the background" date="2025-12-01T08:52:36.165" >
        <step title="Acquiring Deployment Lock" date="2025-12-01T08:52:36.234" /><!-- duration: 12ms -->
        <step title="Acquired Deployment Lock" date="2025-12-01T08:52:36.313" /><!-- duration: 7ms -->
      </step><!-- duration: 363ms -->
    </step><!-- duration: 416ms -->
    <step title="Outgoing response" date="2025-12-01T08:52:36.551" type="response" statusCode="202" statusText="Accepted" /><!-- duration: 8ms -->
  </step><!-- duration: 926ms -->
