<step title="Incoming Request" date="2025-12-01T08:38:29.122" instance="c18970" url="/api/zipdeploy?isAsync=true" method="POST" type="request" pid="776,1,20" Accept="*/*" Host="cocoatrack-api-20251129203507.scm.azurewebsites.net" User-Agent="AZURECLI/2.80.0 (MSI)" Accept-Encoding="gzip, deflate" Authorization="Bea..." Cache-Control="no-cache" Content-Type="application/octet-stream" Content-Length="248846" x-ms-client-request-id="09a697ba-ce91-11f0-a4bf-70cf494b569b" x-ms-artifact-checksum="6029772261586e3346f84720c6fb715c2a29775405a3a3473e74f2e3cdb876a8" X-ARR-LOG-ID="09a697ba-ce91-11f0-a4bf-70cf494b569b" CLIENT-IP="102.244.98.82:8633" X-SITE-DEPLOYMENT-ID="cocoatrack-api-20251129203507" WAS-DEFAULT-HOSTNAME="cocoatrack-api-20251129203507.scm.azurewebsites.net" X-Forwarded-Proto="https" X-AppService-Proto="https" X-Forwarded-TlsVersion="1.3" X-WAWS-Unencoded-URL="/api/zipdeploy?isAsync=true" X-Client-IP="102.244.98.82" X-Client-Port="8633" >
  <step title="Cleanup Xml Logs" date="2025-12-01T08:38:29.128" >
    <step title="Cleanup Infos" date="2025-12-01T08:38:29.153" totalFiles="231" totalCleanup="71" /><!-- duration: 17ms -->
  </step><!-- duration: 54ms -->
  <step title="ZipPushDeploy" date="2025-12-01T08:38:29.276" >
    <step title="ZipDeploy. Extract zip. Remote build." date="2025-12-01T08:38:29.309" /><!-- duration: 7ms -->
    <step title="Starting PushDeployAsync" date="2025-12-01T08:38:29.340" /><!-- duration: 10ms -->
    <step title="Writing artifact to /tmp/zipdeploy/479dd9d7-6688-4432-a45a-e2fc3f44a96f.zip" date="2025-12-01T08:38:29.386" >
      <step title="Writing multipart request body to /tmp/zipdeploy/479dd9d7-6688-4432-a45a-e2fc3f44a96f.zip" date="2025-12-01T08:38:29.395" /><!-- duration: 24ms -->
    </step><!-- duration: 160ms -->
    <step title="Removing previous build artifact&apos;s manifest file" date="2025-12-01T08:38:29.557" >
      <step title="Start deployment in the background" date="2025-12-01T08:38:29.587" >
        <step title="Acquiring Deployment Lock" date="2025-12-01T08:38:29.627" /><!-- duration: 10ms -->
        <step title="Acquired Deployment Lock" date="2025-12-01T08:38:29.759" /><!-- duration: 22ms -->
      </step><!-- duration: 376ms -->
    </step><!-- duration: 444ms -->
    <step title="Outgoing response" date="2025-12-01T08:38:30.012" type="response" statusCode="202" statusText="Accepted" /><!-- duration: 7ms -->
  </step><!-- duration: 751ms -->
