<step title="BackgroundTrace" date="2025-12-02T05:12:28.919" instance="c18970" url="/api/publish" method="POST" >
  <step title="Creating temporary deployment - FetchDeploymentManager" date="2025-12-02T05:12:29.071" /><!-- duration: 5ms -->
  <step title="Creating temporary deployment" date="2025-12-02T05:12:29.090" /><!-- duration: 147ms -->
  <step title="Performing fetch based deployment" date="2025-12-02T05:12:29.324" >
    <step title="Cleaning up temp folders from previous zip deployments and extracting pushed zip file /tmp/zipdeploy/95ad445a-0b39-4a3a-9916-6d0ce705754d.zip (0.07 MB) to /tmp/zipdeploy/extracted" date="2025-12-02T05:12:30.807" >
      <step title="ChmodRecursive Process exited with total time taken in ms: 182" date="2025-12-02T05:12:31.305" /><!-- duration: 21ms -->
    </step><!-- duration: 528ms -->
    <step title="Deployment timer started" date="2025-12-02T05:12:33.363" >
      <step title="DeploymentManager.Deploy(id:a46f04cc-8027-4efc-9d50-18a5aa90199a)" date="2025-12-02T05:12:33.385" >
        <step title="Collecting changeset information" date="2025-12-02T05:12:33.441" /><!-- duration: 172ms -->
        <step title="Updating submodules" date="2025-12-02T05:12:33.627" /><!-- duration: 1277ms -->
        <step title="Determining deployment builder" date="2025-12-02T05:12:35.321" >
          <step title="Builder is OryxBuilder" date="2025-12-02T05:12:35.357" /><!-- duration: 9ms -->
        </step><!-- duration: 57ms -->
        <step title="PreDeployment: context.CleanOutputPath False" date="2025-12-02T05:12:35.491" >
          <step title="PreDeployment: context.OutputPath /home/site/wwwroot" date="2025-12-02T05:12:35.794" >
            <step title="Building" date="2025-12-02T05:12:36.038" >
              <step title="Executing external process" date="2025-12-02T05:12:36.620" type="process" path="bash" arguments="-c &quot;oryx build /tmp/zipdeploy/extracted -o /home/site/wwwroot --platform python --platform-version 3.11 -p virtualenv_name=antenv --log-file /tmp/build-debug.log  -i /tmp/8de316167a96bba --compress-destination-dir | tee /tmp/oryx-build.log ; exit $PIPESTATUS &quot;" >
                <step title="Cpu: python(1072,40.220s)+ts(1073,0.180s)+build.sh(1071,0.000s)+build.sh(1070,0.000s)+build.sh(964,0.040s)+oryx(944,6.950s)+tee(945,0.000s)+bash(943,0.000s)=total(47.380s)" date="2025-12-02T05:14:46.667" /><!-- duration: 35ms -->
                <step title="bash: no io activity for 61s, prev-cpu=-1.000s, current-cpu=47.380s" date="2025-12-02T05:14:46.733" /><!-- duration: 65ms -->
                <step title="Cpu: gzip(1182,35.920s)+sh(1181,0.000s)+tar(1180,3.390s)+build.sh(964,0.050s)+oryx(944,7.470s)+tee(945,0.010s)+bash(943,0.000s)=total(46.840s)" date="2025-12-02T05:17:13.943" /><!-- duration: 50ms -->
                <step title="bash: no io activity for 60s, prev-cpu=-1.000s, current-cpu=46.840s" date="2025-12-02T05:17:14.090" /><!-- duration: 48ms -->
              </step><!-- duration: 307591ms -->
              <step title="Using PythonDeploymentLogParser" date="2025-12-02T05:17:45.255" /><!-- duration: 65ms -->
              <step title="Modified file to trigger a restart of the app container." date="2025-12-02T05:17:47.782" /><!-- duration: 8ms -->
              <step title="Skip function trigger and logicapp sync because function is not enabled." date="2025-12-02T05:17:47.815" /><!-- duration: 21ms -->
              <step title="Purge deployment items" date="2025-12-02T05:17:49.769" >
                <step title="Remove c22fafc6-, Success, received at 11/30/2025 04:01:20" date="2025-12-02T05:17:49.888" /><!-- duration: 14ms -->
              </step><!-- duration: 142ms -->
            </step><!-- duration: 313990ms -->
          </step><!-- duration: 314251ms -->
          <step title="Cleaning up temp files" date="2025-12-02T05:17:50.058" /><!-- duration: 4125ms -->
          <step title="Cleaning up temp files" date="2025-12-02T05:17:54.197" /><!-- duration: 553ms -->
          <step title="Reloading status file with latest updates" date="2025-12-02T05:17:54.800" >
            <step title="WebHooksManager.PublishEventAsync: PostDeployment" date="2025-12-02T05:17:54.808" /><!-- duration: 117ms -->
          </step><!-- duration: 134ms -->
          <step title="Cleaning up temporary deployment - fetch deployment was successful" date="2025-12-02T05:17:54.951" /><!-- duration: 13ms -->
        </step><!-- duration: 319563ms -->
      </step><!-- duration: 321708ms -->
