<step title="Incoming Request" date="2025-12-02T05:16:34.293" instance="c18970" url="/api/deployments/latest?deployer=OneDeploy&amp;time=2025-12-02_05-12-29Z" method="GET" type="request" pid="772,1,19" Host="cocoatrack-api-20251129203507.scm.azurewebsites.net" User-Agent="GITHUBACTIONS_DeployWebAppToAzure_56d8412a3f1a6487d97d1c96128bd523292edbe2c3202b7d85158fbcd67b273e" Authorization="Bea..." Content-Type="application/json; charset=utf-8" Cookie="ARRAffinity=c1897021b9d0890aa7303bfdb1ba16dd5b9307bc22fe230a5624c152b0f71711;Path=/;HttpOnly;Secure;Domain=cocoatrack-api-20251129203507.scm.azurewebsites.net; ARRAffinitySameSite=c1897021b9d0890aa7303bfdb1ba16dd5b9307bc22fe230a5624c152b0f71711;Path=/;HttpOnly;SameSite=None;Secure;Domain=cocoatrack-api-20251129203507.scm.azurewebsites.net" Content-Length="0" X-ARR-LOG-ID="d4649d50-6da2-46cd-abda-bb42b432b71f" CLIENT-IP="135.232.201.80:11202" X-SITE-DEPLOYMENT-ID="cocoatrack-api-20251129203507" WAS-DEFAULT-HOSTNAME="cocoatrack-api-20251129203507.scm.azurewebsites.net" X-Forwarded-Proto="https" X-AppService-Proto="https" X-Forwarded-TlsVersion="1.3" X-WAWS-Unencoded-URL="/api/deployments/latest?deployer=OneDeploy&amp;time=2025-12-02_05-12-29Z" X-Client-IP="135.232.201.80" X-Client-Port="11202" >
  <step title="Cleanup Xml Logs" date="2025-12-02T05:16:34.304" >
    <step title="Cleanup Infos" date="2025-12-02T05:16:34.403" totalFiles="446" totalCleanup="286" /><!-- duration: 29ms -->
  </step><!-- duration: 164ms -->
  <step title="DeploymentService.GetResult" date="2025-12-02T05:16:34.497" >
    <step title="DeploymentService.GetLatestDeployment" date="2025-12-02T05:16:34.515" >
      <step title="DeploymentManager.GetResults" date="2025-12-02T05:16:34.528" /><!-- duration: 1604ms -->
    </step><!-- duration: 1672ms -->
  </step><!-- duration: 1709ms -->
  <step title="Outgoing response" date="2025-12-02T05:16:36.225" type="response" statusCode="202" statusText="Accepted" /><!-- duration: 13ms -->
</step><!-- duration: 1973ms -->
