<step title="Incoming Request" date="2025-12-01T08:13:25.862" instance="c18970" url="/api/deployments/latest" method="GET" type="request" pid="776,1,50" Accept="*/*" Host="cocoatrack-api-20251129203507.scm.azurewebsites.net" User-Agent="AZURECLI/2.80.0 (MSI)" Accept-Encoding="gzip, deflate" Authorization="Bea..." x-ms-client-request-id="82374313-ce8d-11f0-8a29-70cf494b569b" X-ARR-LOG-ID="82374313-ce8d-11f0-8a29-70cf494b569b" CLIENT-IP="102.244.98.82:31133" X-SITE-DEPLOYMENT-ID="cocoatrack-api-20251129203507" WAS-DEFAULT-HOSTNAME="cocoatrack-api-20251129203507.scm.azurewebsites.net" X-Forwarded-Proto="https" X-AppService-Proto="https" X-Forwarded-TlsVersion="1.3" X-WAWS-Unencoded-URL="/api/deployments/latest" X-Client-IP="102.244.98.82" X-Client-Port="31133" >
  <step title="Cleanup Xml Logs" date="2025-12-01T08:13:25.874" >
    <step title="Cleanup Infos" date="2025-12-01T08:13:25.941" totalFiles="210" totalCleanup="50" /><!-- duration: 63ms -->
  </step><!-- duration: 164ms -->
  <step title="DeploymentService.GetResult" date="2025-12-01T08:13:26.116" >
    <step title="DeploymentService.GetLatestDeployment" date="2025-12-01T08:13:26.202" >
      <step title="DeploymentManager.GetResults" date="2025-12-01T08:13:26.261" /><!-- duration: 2117ms -->
    </step><!-- duration: 2262ms -->
  </step><!-- duration: 2377ms -->
  <step title="Outgoing response" date="2025-12-01T08:13:28.552" type="response" statusCode="202" statusText="Accepted" /><!-- duration: 16ms -->
</step><!-- duration: 2735ms -->
