<step title="Incoming Request" date="2025-12-01T11:16:59.685" instance="c18970" url="/api/zipdeploy?isAsync=true" method="POST" type="request" pid="776,1,21" Accept="*/*" Host="cocoatrack-api-20251129203507.scm.azurewebsites.net" User-Agent="AZURECLI/2.80.0 (MSI)" Accept-Encoding="gzip, deflate" Authorization="Bea..." Cache-Control="no-cache" Content-Type="application/octet-stream" Content-Length="253274" x-ms-client-request-id="2fa0feb0-cea7-11f0-98b1-70cf494b569b" x-ms-artifact-checksum="fb54d4d82744c7645dc0d58859b05bec45cc17f2ec13286e84b628afa107c022" X-ARR-LOG-ID="2fa0feb0-cea7-11f0-98b1-70cf494b569b" CLIENT-IP="79.127.207.129:3138" X-SITE-DEPLOYMENT-ID="cocoatrack-api-20251129203507" WAS-DEFAULT-HOSTNAME="cocoatrack-api-20251129203507.scm.azurewebsites.net" X-Forwarded-Proto="https" X-AppService-Proto="https" X-Forwarded-TlsVersion="1.3" X-WAWS-Unencoded-URL="/api/zipdeploy?isAsync=true" X-Client-IP="79.127.207.129" X-Client-Port="3138" >
  <step title="Cleanup Xml Logs" date="2025-12-01T11:16:59.705" >
    <step title="Cleanup Infos" date="2025-12-01T11:16:59.759" totalFiles="315" totalCleanup="155" /><!-- duration: 38ms -->
  </step><!-- duration: 111ms -->
  <step title="ZipPushDeploy" date="2025-12-01T11:17:01.448" >
    <step title="ZipDeploy. Extract zip. Remote build." date="2025-12-01T11:17:01.467" /><!-- duration: 7ms -->
    <step title="None repository commit" date="2025-12-01T11:17:01.494" >
      <step title="Commit id: ae053434-6b40-4eb8-8b50-9d27dc3b6f77" date="2025-12-01T11:17:01.525" Message="N/A" AuthorName="N/A" AuthorEmail="N/A" /><!-- duration: 10ms -->
    </step><!-- duration: 54ms -->
    <step title="Starting PushDeployAsync" date="2025-12-01T11:17:01.557" /><!-- duration: 7ms -->
    <step title="Writing artifact to /tmp/zipdeploy/d2fee72a-7e7f-42e7-a40d-fe29997128dd.zip" date="2025-12-01T11:17:01.620" >
      <step title="Writing multipart request body to /tmp/zipdeploy/d2fee72a-7e7f-42e7-a40d-fe29997128dd.zip" date="2025-12-01T11:17:01.646" /><!-- duration: 20ms -->
    </step><!-- duration: 217ms -->
    <step title="Removing previous build artifact&apos;s manifest file" date="2025-12-01T11:17:01.913" >
      <step title="Start deployment in the background" date="2025-12-01T11:17:02.107" >
        <step title="Acquiring Deployment Lock" date="2025-12-01T11:17:02.300" /><!-- duration: 79ms -->
        <step title="Acquired Deployment Lock" date="2025-12-01T11:17:03.333" /><!-- duration: 130ms -->
      </step><!-- duration: 1954ms -->
    </step><!-- duration: 2341ms -->
    <step title="Outgoing response" date="2025-12-01T11:17:04.657" type="response" statusCode="202" statusText="Accepted" /><!-- duration: 45ms -->
  </step><!-- duration: 3275ms -->
