<step title="BackgroundTrace" date="2025-11-29T20:14:49.687" instance="c18970" url="/api/zipdeploy" method="POST" >
  <step title="Creating temporary deployment - FetchDeploymentManager" date="2025-11-29T20:14:49.790" /><!-- duration: 7ms -->
  <step title="Creating temporary deployment" date="2025-11-29T20:14:49.806" /><!-- duration: 107ms -->
  <step title="Performing fetch based deployment" date="2025-11-29T20:14:49.983" >
    <step title="Cleaning up temp folders from previous zip deployments and extracting pushed zip file /tmp/zipdeploy/8333f371-e04b-4d30-a530-2ea55334aed9.zip (0.23 MB) to /tmp/zipdeploy/extracted" date="2025-11-29T20:14:51.340" >
      <step title="ChmodRecursive Process exited with total time taken in ms: 151" date="2025-11-29T20:14:51.720" /><!-- duration: 7ms -->
    </step><!-- duration: 396ms -->
    <step title="Deployment timer started" date="2025-11-29T20:14:53.762" >
      <step title="DeploymentManager.Deploy(id:98cce32c-a97a-43a9-a9da-146087bdbecd)" date="2025-11-29T20:14:53.797" >
        <step title="Collecting changeset information" date="2025-11-29T20:14:53.891" /><!-- duration: 139ms -->
        <step title="Updating submodules" date="2025-11-29T20:14:54.043" /><!-- duration: 1266ms -->
        <step title="Determining deployment builder" date="2025-11-29T20:14:55.792" >
          <step title="Builder is OryxBuilder" date="2025-11-29T20:14:55.820" /><!-- duration: 13ms -->
        </step><!-- duration: 48ms -->
        <step title="PreDeployment: context.CleanOutputPath False" date="2025-11-29T20:14:55.963" >
          <step title="PreDeployment: context.OutputPath /home/site/wwwroot" date="2025-11-29T20:14:56.230" >
            <step title="Building" date="2025-11-29T20:14:56.564" >
              <step title="Executing external process" date="2025-11-29T20:14:57.246" type="process" path="bash" arguments="-c &quot;oryx build /tmp/zipdeploy/extracted -o /home/site/wwwroot --platform python --platform-version 3.11 -p virtualenv_name=antenv --log-file /tmp/build-debug.log  -i /tmp/8de2f83f6a72552 --compress-destination-dir | tee /tmp/oryx-build.log ; exit $PIPESTATUS &quot;" >
                <step title="Cpu: python(1495,42.810s)+ts(1496,0.130s)+build.sh(1494,0.000s)+build.sh(1493,0.000s)+build.sh(1411,0.070s)+oryx(1390,3.890s)+tee(1391,0.000s)+bash(1389,0.000s)=total(46.890s)" date="2025-11-29T20:16:26.879" /><!-- duration: 30ms -->
                <step title="bash: no io activity for 61s, prev-cpu=-1.000s, current-cpu=46.890s" date="2025-11-29T20:16:26.953" /><!-- duration: 19ms -->
                <step title="Cpu: gzip(1576,37.520s)+sh(1575,0.000s)+tar(1574,3.640s)+build.sh(1411,0.080s)+oryx(1390,4.670s)+tee(1391,0.010s)+bash(1389,0.000s)=total(45.920s)" date="2025-11-29T20:19:07.714" /><!-- duration: 55ms -->
                <step title="bash: no io activity for 60s, prev-cpu=-1.000s, current-cpu=45.920s" date="2025-11-29T20:19:07.826" /><!-- duration: 58ms -->
              </step><!-- duration: 261916ms -->
              <step title="Using PythonDeploymentLogParser" date="2025-11-29T20:19:19.905" /><!-- duration: 26ms -->
              <step title="Triggering recycle (preview mode disabled)." date="2025-11-29T20:19:21.928" /><!-- duration: 19ms -->
              <step title="Modified file to trigger a restart of the app container." date="2025-11-29T20:19:22.008" /><!-- duration: 7ms -->
              <step title="Skip function trigger and logicapp sync because function is not enabled." date="2025-11-29T20:19:22.029" /><!-- duration: 20ms -->
            </step><!-- duration: 266667ms -->
          </step><!-- duration: 267015ms -->
          <step title="Cleaning up temp files" date="2025-11-29T20:19:23.252" /><!-- duration: 4098ms -->
          <step title="Cleaning up temp files" date="2025-11-29T20:19:27.363" /><!-- duration: 513ms -->
          <step title="Reloading status file with latest updates" date="2025-11-29T20:19:27.931" >
            <step title="WebHooksManager.PublishEventAsync: PostDeployment" date="2025-11-29T20:19:27.940" /><!-- duration: 63ms -->
          </step><!-- duration: 79ms -->
          <step title="Cleaning up temporary deployment - fetch deployment was successful" date="2025-11-29T20:19:28.029" /><!-- duration: 7ms -->
        </step><!-- duration: 272187ms -->
      </step><!-- duration: 274402ms -->
