<step title="Incoming Request" date="2025-12-02T05:12:28.320" instance="c18970" url="/api/publish?async=true&amp;deployer=GITHUB_ONE_DEPLOY&amp;type=zip&amp;message=%7B%22type%22%3A%22deployment%22%2C%22sha%22%3A%22a5e1cce551f3f77e206da795f5cb358cad055a36%22%2C%22repoName%22%3A%22Junior620%2Fsuivi-achat%22%2C%22actor%22%3A%22Junior620%22%2C%22slotName%22%3A%22Production%22%2C%22commitMessage%22%3A%22fix%3A%20correction%20workflow%20Azure%20pour%20backend%22%7D" method="POST" type="request" pid="772,1,20" Host="cocoatrack-api-20251129203507.scm.azurewebsites.net" User-Agent="GITHUBACTIONS_DeployWebAppToAzure_56d8412a3f1a6487d97d1c96128bd523292edbe2c3202b7d85158fbcd67b273e" Authorization="Bea..." Content-Type="application/octet-stream" Cookie="ARRAffinity=c1897021b9d0890aa7303bfdb1ba16dd5b9307bc22fe230a5624c152b0f71711;Path=/;HttpOnly;Secure;Domain=cocoatrack-api-20251129203507.scm.azurewebsites.net; ARRAffinitySameSite=c1897021b9d0890aa7303bfdb1ba16dd5b9307bc22fe230a5624c152b0f71711;Path=/;HttpOnly;SameSite=None;Secure;Domain=cocoatrack-api-20251129203507.scm.azurewebsites.net" Transfer-Encoding="chunked" X-ARR-LOG-ID="6829e7b8-3e3a-4326-97f8-22e5a76c1070" CLIENT-IP="135.232.201.80:11200" X-SITE-DEPLOYMENT-ID="cocoatrack-api-20251129203507" WAS-DEFAULT-HOSTNAME="cocoatrack-api-20251129203507.scm.azurewebsites.net" X-Forwarded-Proto="https" X-AppService-Proto="https" X-Forwarded-TlsVersion="1.3" X-WAWS-Unencoded-URL="/api/publish?async=true&amp;deployer=GITHUB_ONE_DEPLOY&amp;type=zip&amp;message=%7B%22type%22%3A%22deployment%22%2C%22sha%22%3A%22a5e1cce551f3f77e206da795f5cb358cad055a36%22%2C%22repoName%22%3A%22Junior620%2Fsuivi-achat%22%2C%22actor%22%3A%22Junior620%22%2C%22slotName%22%3A%22Production%22%2C%22commitMessage%22%3A%22fix%3A%20correction%20workflow%20Azure%20pour%20backend%22%7D" X-Client-IP="135.232.201.80" X-Client-Port="11200" >
  <step title="OneDeploy" date="2025-12-02T05:12:28.500" >
    <step title="None repository commit" date="2025-12-02T05:12:28.524" >
      <step title="Commit id: a46f04cc-8027-4efc-9d50-18a5aa90199a" date="2025-12-02T05:12:28.534" Message="N/A" AuthorName="N/A" AuthorEmail="N/A" /><!-- duration: 7ms -->
    </step><!-- duration: 27ms -->
    <step title="Starting PushDeployAsync" date="2025-12-02T05:12:28.565" /><!-- duration: 24ms -->
    <step title="Writing artifact to /tmp/zipdeploy/95ad445a-0b39-4a3a-9916-6d0ce705754d.zip" date="2025-12-02T05:12:28.635" >
      <step title="Writing multipart request body to /tmp/zipdeploy/95ad445a-0b39-4a3a-9916-6d0ce705754d.zip" date="2025-12-02T05:12:28.654" /><!-- duration: 10ms -->
    </step><!-- duration: 229ms -->
    <step title="Removing previous build artifact&apos;s manifest file" date="2025-12-02T05:12:28.880" >
      <step title="Start deployment in the background" date="2025-12-02T05:12:28.909" >
        <step title="Acquiring Deployment Lock" date="2025-12-02T05:12:28.967" /><!-- duration: 8ms -->
        <step title="Acquired Deployment Lock" date="2025-12-02T05:12:29.047" /><!-- duration: 9ms -->
      </step><!-- duration: 341ms -->
    </step><!-- duration: 385ms -->
    <step title="Outgoing response" date="2025-12-02T05:12:29.283" type="response" statusCode="202" statusText="Accepted" /><!-- duration: 9ms -->
  </step><!-- duration: 802ms -->
