<step title="Incoming Request" date="2025-11-29T19:48:52.107" instance="c18970" url="/api/zipdeploy?isAsync=true" method="POST" type="request" pid="768,1,7" Accept="*/*" Host="cocoatrack-api-20251129203507.scm.azurewebsites.net" User-Agent="AZURECLI/2.80.0 (MSI)" Accept-Encoding="gzip, deflate" Authorization="Bea..." Cache-Control="no-cache" Content-Type="application/octet-stream" Content-Length="246092" x-ms-client-request-id="3ff829f6-cd5c-11f0-8704-70cf494b569e" x-ms-artifact-checksum="28cad9f4f6643dc5d48f3d6a148cbb5a28d071d8506079fe05d39b918b3ad42f" X-ARR-LOG-ID="3ff829f6-cd5c-11f0-8704-70cf494b569e" CLIENT-IP="102.244.222.54:10734" X-SITE-DEPLOYMENT-ID="cocoatrack-api-20251129203507" WAS-DEFAULT-HOSTNAME="cocoatrack-api-20251129203507.scm.azurewebsites.net" X-Forwarded-Proto="https" X-AppService-Proto="https" X-Forwarded-TlsVersion="1.3" X-WAWS-Unencoded-URL="/api/zipdeploy?isAsync=true" X-Client-IP="102.244.222.54" X-Client-Port="10734" >
  <step title="ZipPushDeploy" date="2025-11-29T19:48:53.064" >
    <step title="ZipDeploy. Extract zip. Remote build." date="2025-11-29T19:48:53.083" /><!-- duration: 11ms -->
    <step title="None repository commit" date="2025-11-29T19:48:53.112" >
      <step title="Commit id: 13506c56-8439-459d-a153-b115d93bf5e0" date="2025-11-29T19:48:53.120" Message="N/A" AuthorName="N/A" AuthorEmail="N/A" /><!-- duration: 7ms -->
    </step><!-- duration: 21ms -->
    <step title="Starting PushDeployAsync" date="2025-11-29T19:48:53.142" /><!-- duration: 8ms -->
    <step title="Writing artifact to /tmp/zipdeploy/6af0f974-b898-4fb4-a696-29a7982ecf91.zip" date="2025-11-29T19:48:53.200" >
      <step title="Writing multipart request body to /tmp/zipdeploy/6af0f974-b898-4fb4-a696-29a7982ecf91.zip" date="2025-11-29T19:48:53.209" /><!-- duration: 8ms -->
    </step><!-- duration: 84ms -->
    <step title="Start deployment in the background" date="2025-11-29T19:48:53.329" >
      <step title="Acquiring Deployment Lock" date="2025-11-29T19:48:53.375" /><!-- duration: 8ms -->
      <step title="Acquired Deployment Lock" date="2025-11-29T19:48:53.438" /><!-- duration: 7ms -->
    </step><!-- duration: 281ms -->
  </step><!-- duration: 562ms -->
  <step title="Outgoing response" date="2025-11-29T19:48:53.650" type="response" statusCode="202" statusText="Accepted" /><!-- duration: 10ms -->
</step><!-- duration: 1560ms -->
