<step title="Incoming Request" date="2025-12-01T09:08:08.849" instance="c18970" url="/api/zipdeploy?isAsync=true" method="POST" type="request" pid="776,1,31" Accept="*/*" Host="cocoatrack-api-20251129203507.scm.azurewebsites.net" User-Agent="AZURECLI/2.80.0 (MSI)" Accept-Encoding="gzip, deflate" Authorization="Bea..." Cache-Control="no-cache" Content-Type="application/octet-stream" Content-Length="248876" x-ms-client-request-id="2c523abc-ce95-11f0-ae16-70cf494b569b" x-ms-artifact-checksum="814ca4a2b0e488d8f12aa5b187bd3b804269ec9415a11dad03fdb7dfbeaefdf4" X-ARR-LOG-ID="2c523abc-ce95-11f0-ae16-70cf494b569b" CLIENT-IP="102.244.98.82:10217" X-SITE-DEPLOYMENT-ID="cocoatrack-api-20251129203507" WAS-DEFAULT-HOSTNAME="cocoatrack-api-20251129203507.scm.azurewebsites.net" X-Forwarded-Proto="https" X-AppService-Proto="https" X-Forwarded-TlsVersion="1.3" X-WAWS-Unencoded-URL="/api/zipdeploy?isAsync=true" X-Client-IP="102.244.98.82" X-Client-Port="10217" >
  <step title="Cleanup Xml Logs" date="2025-12-01T09:08:08.897" >
    <step title="Cleanup Infos" date="2025-12-01T09:08:08.922" totalFiles="278" totalCleanup="118" /><!-- duration: 12ms -->
  </step><!-- duration: 44ms -->
  <step title="ZipPushDeploy" date="2025-12-01T09:08:08.997" >
    <step title="ZipDeploy. Extract zip. Remote build." date="2025-12-01T09:08:09.020" /><!-- duration: 8ms -->
    <step title="Starting PushDeployAsync" date="2025-12-01T09:08:09.044" /><!-- duration: 7ms -->
    <step title="Writing artifact to /tmp/zipdeploy/0000f7ab-e952-4ef1-a7a9-98a75d68bb75.zip" date="2025-12-01T09:08:09.081" >
      <step title="Writing multipart request body to /tmp/zipdeploy/0000f7ab-e952-4ef1-a7a9-98a75d68bb75.zip" date="2025-12-01T09:08:09.093" /><!-- duration: 16ms -->
    </step><!-- duration: 401ms -->
    <step title="Removing previous build artifact&apos;s manifest file" date="2025-12-01T09:08:09.500" >
      <step title="Start deployment in the background" date="2025-12-01T09:08:09.529" >
        <step title="Acquiring Deployment Lock" date="2025-12-01T09:08:09.560" /><!-- duration: 32ms -->
        <step title="Acquired Deployment Lock" date="2025-12-01T09:08:09.650" /><!-- duration: 11ms -->
      </step><!-- duration: 298ms -->
    </step><!-- duration: 346ms -->
    <step title="Outgoing response" date="2025-12-01T09:08:09.856" type="response" statusCode="202" statusText="Accepted" /><!-- duration: 14ms -->
  </step><!-- duration: 881ms -->
