<step title="BackgroundTrace" date="2025-11-29T21:11:11.616" instance="c18970" url="/api/zipdeploy" method="POST" >
  <step title="Creating temporary deployment - FetchDeploymentManager" date="2025-11-29T21:11:11.756" /><!-- duration: 6ms -->
  <step title="Creating temporary deployment" date="2025-11-29T21:11:11.772" /><!-- duration: 118ms -->
  <step title="Performing fetch based deployment" date="2025-11-29T21:11:11.988" >
    <step title="Cleaning up temp folders from previous zip deployments and extracting pushed zip file /tmp/zipdeploy/443c12f3-f5cf-47e9-8d7a-5f1d4015fa7b.zip (0.23 MB) to /tmp/zipdeploy/extracted" date="2025-11-29T21:11:13.364" >
      <step title="ChmodRecursive Process exited with total time taken in ms: 137" date="2025-11-29T21:11:13.816" /><!-- duration: 12ms -->
    </step><!-- duration: 474ms -->
    <step title="Deployment timer started" date="2025-11-29T21:11:15.864" >
      <step title="DeploymentManager.Deploy(id:8f7eae41-0494-49d1-b2e5-c1b5cd918644)" date="2025-11-29T21:11:15.877" >
        <step title="Collecting changeset information" date="2025-11-29T21:11:15.937" /><!-- duration: 149ms -->
        <step title="Updating submodules" date="2025-11-29T21:11:16.098" /><!-- duration: 1238ms -->
        <step title="Determining deployment builder" date="2025-11-29T21:11:17.779" >
          <step title="Builder is OryxBuilder" date="2025-11-29T21:11:17.821" /><!-- duration: 7ms -->
        </step><!-- duration: 60ms -->
        <step title="PreDeployment: context.CleanOutputPath False" date="2025-11-29T21:11:17.949" >
          <step title="PreDeployment: context.OutputPath /home/site/wwwroot" date="2025-11-29T21:11:18.170" >
            <step title="Building" date="2025-11-29T21:11:18.490" >
              <step title="Executing external process" date="2025-11-29T21:11:19.219" type="process" path="bash" arguments="-c &quot;oryx build /tmp/zipdeploy/extracted -o /home/site/wwwroot --platform python --platform-version 3.11 -p virtualenv_name=antenv --log-file /tmp/build-debug.log  -i /tmp/8de2f8bd67bd071 --compress-destination-dir | tee /tmp/oryx-build.log ; exit $PIPESTATUS &quot;" >
                <step title="Cpu: python(928,34.750s)+ts(929,0.170s)+build.sh(927,0.000s)+build.sh(926,0.000s)+build.sh(818,0.080s)+oryx(797,6.520s)+tee(798,0.020s)+bash(796,0.000s)=total(41.520s)" date="2025-11-29T21:13:42.535" /><!-- duration: 29ms -->
                <step title="bash: no io activity for 60s, prev-cpu=-1.000s, current-cpu=41.520s" date="2025-11-29T21:13:42.601" /><!-- duration: 21ms -->
                <step title="Cpu: python(928,75.940s)+ts(929,0.170s)+build.sh(927,0.000s)+build.sh(926,0.000s)+build.sh(818,0.080s)+oryx(797,6.620s)+tee(798,0.020s)+bash(796,0.000s)=total(82.820s)" date="2025-11-29T21:14:42.915" /><!-- duration: 30ms -->
                <step title="bash: no io activity for 121s, prev-cpu=41.520s, current-cpu=82.820s" date="2025-11-29T21:14:42.963" /><!-- duration: 32ms -->
                <step title="Cpu: gzip(1044,39.630s)+sh(1043,0.000s)+tar(1042,3.440s)+build.sh(818,0.090s)+oryx(797,7.170s)+tee(798,0.030s)+bash(796,0.000s)=total(50.350s)" date="2025-11-29T21:16:17.593" /><!-- duration: 55ms -->
                <step title="bash: no io activity for 61s, prev-cpu=-1.000s, current-cpu=50.350s" date="2025-11-29T21:16:17.668" /><!-- duration: 38ms -->
              </step><!-- duration: 306825ms -->
              <step title="Using PythonDeploymentLogParser" date="2025-11-29T21:16:27.153" /><!-- duration: 22ms -->
              <step title="Triggering recycle (preview mode disabled)." date="2025-11-29T21:16:30.125" /><!-- duration: 18ms -->
              <step title="Modified file to trigger a restart of the app container." date="2025-11-29T21:16:30.190" /><!-- duration: 14ms -->
              <step title="Skip function trigger and logicapp sync because function is not enabled." date="2025-11-29T21:16:30.229" /><!-- duration: 15ms -->
            </step><!-- duration: 313220ms -->
          </step><!-- duration: 313555ms -->
          <step title="Cleaning up temp files" date="2025-11-29T21:16:31.733" /><!-- duration: 4542ms -->
          <step title="Cleaning up temp files" date="2025-11-29T21:16:36.289" /><!-- duration: 514ms -->
          <step title="Reloading status file with latest updates" date="2025-11-29T21:16:36.880" >
            <step title="WebHooksManager.PublishEventAsync: PostDeployment" date="2025-11-29T21:16:36.890" /><!-- duration: 137ms -->
          </step><!-- duration: 154ms -->
          <step title="Cleaning up temporary deployment - fetch deployment was successful" date="2025-11-29T21:16:37.046" /><!-- duration: 8ms -->
        </step><!-- duration: 319199ms -->
      </step><!-- duration: 321316ms -->
