<step title="BackgroundTrace" date="2025-11-30T03:34:05.376" instance="c18970" url="/api/zipdeploy" method="POST" >
  <step title="Creating temporary deployment - FetchDeploymentManager" date="2025-11-30T03:34:05.548" /><!-- duration: 6ms -->
  <step title="Creating temporary deployment" date="2025-11-30T03:34:05.575" /><!-- duration: 174ms -->
  <step title="Performing fetch based deployment" date="2025-11-30T03:34:05.881" >
    <step title="Cleaning up temp folders from previous zip deployments and extracting pushed zip file /tmp/zipdeploy/44f8f761-8598-4b84-84ed-4f2bbfa166dc.zip (0.23 MB) to /tmp/zipdeploy/extracted" date="2025-11-30T03:34:07.382" >
      <step title="ChmodRecursive Process exited with total time taken in ms: 151" date="2025-11-30T03:34:07.983" /><!-- duration: 9ms -->
    </step><!-- duration: 626ms -->
    <step title="Deployment timer started" date="2025-11-30T03:34:10.047" >
      <step title="DeploymentManager.Deploy(id:6c6feb5f-476c-49b9-b194-ad7c77efc252)" date="2025-11-30T03:34:10.066" >
        <step title="Collecting changeset information" date="2025-11-30T03:34:10.149" /><!-- duration: 175ms -->
        <step title="Updating submodules" date="2025-11-30T03:34:10.337" /><!-- duration: 1352ms -->
        <step title="Determining deployment builder" date="2025-11-30T03:34:12.304" >
          <step title="Builder is OryxBuilder" date="2025-11-30T03:34:12.338" /><!-- duration: 8ms -->
        </step><!-- duration: 51ms -->
        <step title="PreDeployment: context.CleanOutputPath False" date="2025-11-30T03:34:12.652" >
          <step title="PreDeployment: context.OutputPath /home/site/wwwroot" date="2025-11-30T03:34:13.019" >
            <step title="Building" date="2025-11-30T03:34:13.346" >
              <step title="Executing external process" date="2025-11-30T03:34:13.997" type="process" path="bash" arguments="-c &quot;oryx build /tmp/zipdeploy/extracted -o /home/site/wwwroot --platform python --platform-version 3.11 -p virtualenv_name=antenv --log-file /tmp/build-debug.log  -i /tmp/8de2fc1545bc355 --compress-destination-dir | tee /tmp/oryx-build.log ; exit $PIPESTATUS &quot;" >
                <step title="Cpu: python(5945,42.950s)+ts(5946,0.120s)+build.sh(5944,0.000s)+build.sh(5943,0.000s)+build.sh(5861,0.060s)+oryx(5842,3.700s)+tee(5843,0.000s)+bash(5841,0.000s)=total(46.800s)" date="2025-11-30T03:35:40.115" /><!-- duration: 37ms -->
                <step title="bash: no io activity for 61s, prev-cpu=-1.000s, current-cpu=46.800s" date="2025-11-30T03:35:40.221" /><!-- duration: 46ms -->
                <step title="Cpu: gzip(6012,28.820s)+sh(6011,0.000s)+tar(6010,2.150s)+build.sh(5861,0.070s)+oryx(5842,4.360s)+tee(5843,0.000s)+bash(5841,0.000s)=total(35.380s)" date="2025-11-30T03:37:52.210" /><!-- duration: 56ms -->
                <step title="bash: no io activity for 60s, prev-cpu=-1.000s, current-cpu=35.380s" date="2025-11-30T03:37:52.315" /><!-- duration: 36ms -->
              </step><!-- duration: 253323ms -->
              <step title="Using PythonDeploymentLogParser" date="2025-11-30T03:38:28.124" /><!-- duration: 10ms -->
              <step title="Triggering recycle (preview mode disabled)." date="2025-11-30T03:38:30.547" /><!-- duration: 20ms -->
              <step title="Modified file to trigger a restart of the app container." date="2025-11-30T03:38:30.624" /><!-- duration: 19ms -->
              <step title="Skip function trigger and logicapp sync because function is not enabled." date="2025-11-30T03:38:30.677" /><!-- duration: 30ms -->
            </step><!-- duration: 258860ms -->
          </step><!-- duration: 259207ms -->
          <step title="Cleaning up temp files" date="2025-11-30T03:38:32.235" /><!-- duration: 3812ms -->
          <step title="Cleaning up temp files" date="2025-11-30T03:38:36.066" /><!-- duration: 513ms -->
          <step title="Reloading status file with latest updates" date="2025-11-30T03:38:36.630" >
            <step title="WebHooksManager.PublishEventAsync: PostDeployment" date="2025-11-30T03:38:36.641" /><!-- duration: 107ms -->
          </step><!-- duration: 126ms -->
          <step title="Cleaning up temporary deployment - fetch deployment was successful" date="2025-11-30T03:38:36.773" /><!-- duration: 13ms -->
        </step><!-- duration: 264228ms -->
      </step><!-- duration: 266860ms -->
