<step title="Incoming Request" date="2025-12-01T11:17:14.326" instance="c18970" url="/api/deployments/latest" method="GET" type="request" pid="776,1,19" Accept="*/*" Host="cocoatrack-api-20251129203507.scm.azurewebsites.net" User-Agent="AZURECLI/2.80.0 (MSI)" Accept-Encoding="gzip, deflate" Authorization="Bea..." x-ms-client-request-id="2fa0feb0-cea7-11f0-98b1-70cf494b569b" X-ARR-LOG-ID="2fa0feb0-cea7-11f0-98b1-70cf494b569b" CLIENT-IP="79.127.207.129:3484" X-SITE-DEPLOYMENT-ID="cocoatrack-api-20251129203507" WAS-DEFAULT-HOSTNAME="cocoatrack-api-20251129203507.scm.azurewebsites.net" X-Forwarded-Proto="https" X-AppService-Proto="https" X-Forwarded-TlsVersion="1.3" X-WAWS-Unencoded-URL="/api/deployments/latest" X-Client-IP="79.127.207.129" X-Client-Port="3484" >
  <step title="Cleanup Xml Logs" date="2025-12-01T11:17:14.375" >
    <step title="Cleanup Infos" date="2025-12-01T11:17:14.420" totalFiles="317" totalCleanup="157" /><!-- duration: 41ms -->
  </step><!-- duration: 107ms -->
  <step title="DeploymentService.GetResult" date="2025-12-01T11:17:14.999" >
    <step title="DeploymentService.GetLatestDeployment" date="2025-12-01T11:17:15.057" >
      <step title="DeploymentManager.GetResults" date="2025-12-01T11:17:15.095" /><!-- duration: 2463ms -->
    </step><!-- duration: 2948ms -->
  </step><!-- duration: 3301ms -->
  <step title="Outgoing response" date="2025-12-01T11:17:18.973" type="response" statusCode="202" statusText="Accepted" /><!-- duration: 38ms -->
</step><!-- duration: 4707ms -->
