<step title="BackgroundTrace" date="2025-12-01T22:55:32.099" instance="c18970" url="/api/zipdeploy" method="POST" >
  <step title="Creating temporary deployment - FetchDeploymentManager" date="2025-12-01T22:55:32.278" /><!-- duration: 6ms -->
  <step title="Creating temporary deployment" date="2025-12-01T22:55:32.294" /><!-- duration: 141ms -->
  <step title="Performing fetch based deployment" date="2025-12-01T22:55:32.542" >
    <step title="Cleaning up temp folders from previous zip deployments and extracting pushed zip file /tmp/zipdeploy/fdc4134c-1df8-49f5-9248-8421f8da1fc7.zip (0.25 MB) to /tmp/zipdeploy/extracted" date="2025-12-01T22:55:33.851" >
      <step title="ChmodRecursive Process exited with total time taken in ms: 115" date="2025-12-01T22:55:34.228" /><!-- duration: 19ms -->
    </step><!-- duration: 406ms -->
    <step title="Deployment timer started" date="2025-12-01T22:55:36.298" >
      <step title="DeploymentManager.Deploy(id:6baf43fa-07a1-45b9-9048-2741443dadef)" date="2025-12-01T22:55:36.316" >
        <step title="Collecting changeset information" date="2025-12-01T22:55:36.367" /><!-- duration: 176ms -->
        <step title="Updating submodules" date="2025-12-01T22:55:36.556" /><!-- duration: 1197ms -->
        <step title="Determining deployment builder" date="2025-12-01T22:55:38.183" >
          <step title="Builder is OryxBuilder" date="2025-12-01T22:55:38.223" /><!-- duration: 7ms -->
        </step><!-- duration: 74ms -->
        <step title="PreDeployment: context.CleanOutputPath False" date="2025-12-01T22:55:38.368" >
          <step title="PreDeployment: context.OutputPath /home/site/wwwroot" date="2025-12-01T22:55:38.639" >
            <step title="Building" date="2025-12-01T22:55:38.938" >
              <step title="Executing external process" date="2025-12-01T22:55:39.571" type="process" path="bash" arguments="-c &quot;oryx build /tmp/zipdeploy/extracted -o /home/site/wwwroot --platform python --platform-version 3.11 -p virtualenv_name=antenv --log-file /tmp/build-debug.log  -i /tmp/8de312cbed12ba5 --compress-destination-dir | tee /tmp/oryx-build.log ; exit $PIPESTATUS &quot;" >
                <step title="Cpu: python(1007,31.810s)+ts(1008,0.160s)+build.sh(1006,0.000s)+build.sh(1005,0.000s)+build.sh(905,0.070s)+oryx(883,6.160s)+tee(884,0.010s)+bash(882,0.020s)=total(38.230s)" date="2025-12-01T22:57:40.187" /><!-- duration: 85ms -->
                <step title="bash: no io activity for 61s, prev-cpu=-1.000s, current-cpu=38.230s" date="2025-12-01T22:57:40.333" /><!-- duration: 126ms -->
                <step title="Cpu: python(1007,38.090s)+ts(1008,0.160s)+build.sh(1006,0.000s)+build.sh(1005,0.000s)+build.sh(905,0.070s)+oryx(883,6.250s)+tee(884,0.010s)+bash(882,0.020s)=total(44.600s)" date="2025-12-01T22:58:40.919" /><!-- duration: 152ms -->
                <step title="bash: no io activity for 123s, prev-cpu=38.230s, current-cpu=44.600s" date="2025-12-01T22:58:41.201" /><!-- duration: 58ms -->
                <step title="Cpu: python(1007,58.840s)+ts(1008,0.160s)+build.sh(1006,0.000s)+build.sh(1005,0.000s)+build.sh(905,0.070s)+oryx(883,6.330s)+tee(884,0.010s)+bash(882,0.020s)=total(65.420s)" date="2025-12-01T22:59:42.500" /><!-- duration: 41ms -->
                <step title="bash: no io activity for 184s, prev-cpu=44.600s, current-cpu=65.420s" date="2025-12-01T22:59:42.591" /><!-- duration: 67ms -->
                <step title="Cpu: gzip(1159,38.410s)+sh(1158,0.000s)+tar(1157,3.450s)+build.sh(905,0.090s)+oryx(883,6.850s)+tee(884,0.010s)+bash(882,0.020s)=total(48.820s)" date="2025-12-01T23:01:48.437" /><!-- duration: 46ms -->
                <step title="bash: no io activity for 60s, prev-cpu=-1.000s, current-cpu=48.820s" date="2025-12-01T23:01:48.513" /><!-- duration: 40ms -->
              </step><!-- duration: 376028ms -->
              <step title="Using PythonDeploymentLogParser" date="2025-12-01T23:01:56.487" /><!-- duration: 9ms -->
              <step title="Triggering recycle (preview mode disabled)." date="2025-12-01T23:01:58.640" /><!-- duration: 31ms -->
              <step title="Modified file to trigger a restart of the app container." date="2025-12-01T23:01:58.749" /><!-- duration: 8ms -->
              <step title="Skip function trigger and logicapp sync because function is not enabled." date="2025-12-01T23:01:58.789" /><!-- duration: 17ms -->
              <step title="Purge deployment items" date="2025-12-01T23:02:00.973" >
                <step title="Remove 38c2a859-, Failed, received at 12/01/2025 22:28:47" date="2025-12-01T23:02:01.103" /><!-- duration: 10ms -->
                <step title="Remove temp-3955, Failed, received at 12/01/2025 22:28:42" date="2025-12-01T23:02:01.244" /><!-- duration: 8ms -->
                <step title="Remove 6c6feb5f-, Success, received at 11/30/2025 03:34:10" date="2025-12-01T23:02:01.361" /><!-- duration: 10ms -->
              </step><!-- duration: 406ms -->
            </step><!-- duration: 382575ms -->
          </step><!-- duration: 382884ms -->
          <step title="Cleaning up temp files" date="2025-12-01T23:02:01.530" /><!-- duration: 9493ms -->
          <step title="Cleaning up temp files" date="2025-12-01T23:02:11.038" /><!-- duration: 547ms -->
          <step title="Reloading status file with latest updates" date="2025-12-01T23:02:11.954" >
            <step title="WebHooksManager.PublishEventAsync: PostDeployment" date="2025-12-01T23:02:12.031" /><!-- duration: 345ms -->
          </step><!-- duration: 441ms -->
          <step title="Cleaning up temporary deployment - fetch deployment was successful" date="2025-12-01T23:02:12.434" /><!-- duration: 22ms -->
        </step><!-- duration: 394285ms -->
      </step><!-- duration: 396395ms -->
