<step title="Incoming Request" date="2025-11-30T03:34:03.783" instance="c18970" url="/api/zipdeploy?isAsync=true" method="POST" type="request" pid="768,1,40" Accept="*/*" Host="cocoatrack-api-20251129203507.scm.azurewebsites.net" User-Agent="AZURECLI/2.80.0 (MSI)" Accept-Encoding="gzip, deflate" Authorization="Bea..." Cache-Control="no-cache" Content-Type="application/octet-stream" Content-Length="246073" x-ms-client-request-id="58aa39d6-cd9d-11f0-8332-70cf494b569e" x-ms-artifact-checksum="2d41610e2d3e9849d2eea1d90cad57592a3cff0c8e40527e079464f2c332c5f9" X-ARR-LOG-ID="58aa39d6-cd9d-11f0-8332-70cf494b569e" CLIENT-IP="102.244.222.132:17663" X-SITE-DEPLOYMENT-ID="cocoatrack-api-20251129203507" WAS-DEFAULT-HOSTNAME="cocoatrack-api-20251129203507.scm.azurewebsites.net" X-Forwarded-Proto="https" X-AppService-Proto="https" X-Forwarded-TlsVersion="1.3" X-WAWS-Unencoded-URL="/api/zipdeploy?isAsync=true" X-Client-IP="102.244.222.132" X-Client-Port="17663" >
  <step title="Cleanup Xml Logs" date="2025-11-30T03:34:03.912" /><!-- duration: 345ms -->
  <step title="ZipPushDeploy" date="2025-11-30T03:34:04.921" >
    <step title="ZipDeploy. Extract zip. Remote build." date="2025-11-30T03:34:04.972" /><!-- duration: 8ms -->
    <step title="Starting PushDeployAsync" date="2025-11-30T03:34:04.998" /><!-- duration: 8ms -->
    <step title="Writing artifact to /tmp/zipdeploy/44f8f761-8598-4b84-84ed-4f2bbfa166dc.zip" date="2025-11-30T03:34:05.093" >
      <step title="Writing multipart request body to /tmp/zipdeploy/44f8f761-8598-4b84-84ed-4f2bbfa166dc.zip" date="2025-11-30T03:34:05.124" /><!-- duration: 34ms -->
    </step><!-- duration: 220ms -->
    <step title="Removing previous build artifact&apos;s manifest file" date="2025-11-30T03:34:05.324" >
      <step title="Start deployment in the background" date="2025-11-30T03:34:05.365" >
        <step title="Acquiring Deployment Lock" date="2025-11-30T03:34:05.402" /><!-- duration: 10ms -->
        <step title="Acquired Deployment Lock" date="2025-11-30T03:34:05.531" /><!-- duration: 10ms -->
      </step><!-- duration: 394ms -->
    </step><!-- duration: 475ms -->
    <step title="Outgoing response" date="2025-11-30T03:34:05.831" type="response" statusCode="202" statusText="Accepted" /><!-- duration: 9ms -->
  </step><!-- duration: 928ms -->
