<step title="Incoming Request" date="2025-12-01T22:28:35.905" instance="c18970" url="/api/zipdeploy?isAsync=true" method="POST" type="request" pid="774,1,16" Accept="*/*" Host="cocoatrack-api-20251129203507.scm.azurewebsites.net" User-Agent="AZURECLI/2.80.0 (MSI)" Accept-Encoding="gzip, deflate" Authorization="Bea..." Cache-Control="no-cache" Content-Type="application/octet-stream" Content-Length="259553" x-ms-client-request-id="fd9f9288-cf04-11f0-88b6-70cf494b569e" x-ms-artifact-checksum="ca7841804aab6d053c8721a7594a0822b3fe7596cdef6cfa2814e017a3ed7d8e" X-ARR-LOG-ID="fd9f9288-cf04-11f0-88b6-70cf494b569e" CLIENT-IP="37.19.199.147:53936" X-SITE-DEPLOYMENT-ID="cocoatrack-api-20251129203507" WAS-DEFAULT-HOSTNAME="cocoatrack-api-20251129203507.scm.azurewebsites.net" X-Forwarded-Proto="https" X-AppService-Proto="https" X-Forwarded-TlsVersion="1.3" X-WAWS-Unencoded-URL="/api/zipdeploy?isAsync=true" X-Client-IP="37.19.199.147" X-Client-Port="53936" >
  <step title="ZipPushDeploy" date="2025-12-01T22:28:40.210" >
    <step title="ZipDeploy. Extract zip. Remote build." date="2025-12-01T22:28:40.247" /><!-- duration: 20ms -->
    <step title="None repository commit" date="2025-12-01T22:28:40.304" >
      <step title="Commit id: 38c2a859-226d-4bf6-bb9e-1a7c54360018" date="2025-12-01T22:28:40.312" Message="N/A" AuthorName="N/A" AuthorEmail="N/A" /><!-- duration: 11ms -->
    </step><!-- duration: 36ms -->
    <step title="Starting PushDeployAsync" date="2025-12-01T22:28:40.529" /><!-- duration: 8ms -->
    <step title="Writing artifact to /tmp/zipdeploy/fb3fe48e-9e7c-44be-a8ab-4518319bebfd.zip" date="2025-12-01T22:28:40.749" >
      <step title="Writing multipart request body to /tmp/zipdeploy/fb3fe48e-9e7c-44be-a8ab-4518319bebfd.zip" date="2025-12-01T22:28:40.787" /><!-- duration: 66ms -->
    </step><!-- duration: 758ms -->
    <step title="Removing previous build artifact&apos;s manifest file" date="2025-12-01T22:28:41.648" >
      <step title="Start deployment in the background" date="2025-12-01T22:28:41.897" >
        <step title="Acquiring Deployment Lock" date="2025-12-01T22:28:42.248" /><!-- duration: 49ms -->
        <step title="Acquired Deployment Lock" date="2025-12-01T22:28:42.464" /><!-- duration: 20ms -->
      </step><!-- duration: 1177ms -->
    </step><!-- duration: 1481ms -->
    <step title="Outgoing response" date="2025-12-01T22:28:43.255" type="response" statusCode="202" statusText="Accepted" /><!-- duration: 41ms -->
  </step><!-- duration: 3112ms -->
