<step title="BackgroundTrace" date="2025-11-29T21:35:36.512" instance="c18970" url="/api/zipdeploy" method="POST" >
  <step title="Creating temporary deployment - FetchDeploymentManager" date="2025-11-29T21:35:36.643" /><!-- duration: 10ms -->
  <step title="Creating temporary deployment" date="2025-11-29T21:35:36.664" /><!-- duration: 113ms -->
  <step title="Performing fetch based deployment" date="2025-11-29T21:35:36.876" >
    <step title="Cleaning up temp folders from previous zip deployments and extracting pushed zip file /tmp/zipdeploy/f3a8d7bc-9fc8-46e3-93c4-393ed83e1709.zip (0.23 MB) to /tmp/zipdeploy/extracted" date="2025-11-29T21:35:38.334" >
      <step title="ChmodRecursive Process exited with total time taken in ms: 180" date="2025-11-29T21:35:38.856" /><!-- duration: 31ms -->
    </step><!-- duration: 609ms -->
    <step title="Deployment timer started" date="2025-11-29T21:35:41.005" >
      <step title="DeploymentManager.Deploy(id:f8cec573-2a14-4f5c-b752-37dde815c76d)" date="2025-11-29T21:35:41.019" >
        <step title="Collecting changeset information" date="2025-11-29T21:35:41.087" /><!-- duration: 151ms -->
        <step title="Updating submodules" date="2025-11-29T21:35:41.254" /><!-- duration: 1227ms -->
        <step title="Determining deployment builder" date="2025-11-29T21:35:42.841" >
          <step title="Builder is OryxBuilder" date="2025-11-29T21:35:42.879" /><!-- duration: 19ms -->
        </step><!-- duration: 68ms -->
        <step title="PreDeployment: context.CleanOutputPath False" date="2025-11-29T21:35:43.010" >
          <step title="PreDeployment: context.OutputPath /home/site/wwwroot" date="2025-11-29T21:35:43.235" >
            <step title="Building" date="2025-11-29T21:35:43.502" >
              <step title="Executing external process" date="2025-11-29T21:35:44.046" type="process" path="bash" arguments="-c &quot;oryx build /tmp/zipdeploy/extracted -o /home/site/wwwroot --platform python --platform-version 3.11 -p virtualenv_name=antenv --log-file /tmp/build-debug.log  -i /tmp/8de2f8f3fba53af --compress-destination-dir | tee /tmp/oryx-build.log ; exit $PIPESTATUS &quot;" >
                <step title="Cpu: python(1468,38.900s)+ts(1469,0.220s)+build.sh(1467,0.000s)+build.sh(1466,0.000s)+build.sh(1378,0.070s)+oryx(1358,5.420s)+tee(1359,0.000s)+bash(1357,0.000s)=total(44.570s)" date="2025-11-29T21:37:22.167" /><!-- duration: 214ms -->
                <step title="bash: no io activity for 61s, prev-cpu=-1.000s, current-cpu=44.570s" date="2025-11-29T21:37:22.407" /><!-- duration: 21ms -->
                <step title="Cpu: python(1468,67.350s)+ts(1469,0.220s)+build.sh(1467,0.000s)+build.sh(1466,0.000s)+build.sh(1378,0.070s)+oryx(1358,5.640s)+tee(1359,0.000s)+bash(1357,0.000s)=total(73.260s)" date="2025-11-29T21:38:23.744" /><!-- duration: 635ms -->
                <step title="bash: no io activity for 123s, prev-cpu=44.570s, current-cpu=73.260s" date="2025-11-29T21:38:24.465" /><!-- duration: 78ms -->
                <step title="Cpu: gzip(1551,35.660s)+sh(1550,0.000s)+tar(1549,3.240s)+build.sh(1378,0.090s)+oryx(1358,6.010s)+tee(1359,0.010s)+bash(1357,0.000s)=total(45.010s)" date="2025-11-29T21:40:19.489" /><!-- duration: 41ms -->
                <step title="bash: no io activity for 61s, prev-cpu=-1.000s, current-cpu=45.010s" date="2025-11-29T21:40:19.586" /><!-- duration: 47ms -->
              </step><!-- duration: 290560ms -->
              <step title="Using PythonDeploymentLogParser" date="2025-11-29T21:40:35.383" /><!-- duration: 12ms -->
              <step title="Triggering recycle (preview mode disabled)." date="2025-11-29T21:40:37.443" /><!-- duration: 15ms -->
              <step title="Modified file to trigger a restart of the app container." date="2025-11-29T21:40:37.548" /><!-- duration: 19ms -->
              <step title="Skip function trigger and logicapp sync because function is not enabled." date="2025-11-29T21:40:37.579" /><!-- duration: 30ms -->
            </step><!-- duration: 295465ms -->
          </step><!-- duration: 295752ms -->
          <step title="Cleaning up temp files" date="2025-11-29T21:40:38.994" /><!-- duration: 3835ms -->
          <step title="Cleaning up temp files" date="2025-11-29T21:40:42.842" /><!-- duration: 519ms -->
          <step title="Reloading status file with latest updates" date="2025-11-29T21:40:43.422" >
            <step title="WebHooksManager.PublishEventAsync: PostDeployment" date="2025-11-29T21:40:43.433" /><!-- duration: 99ms -->
          </step><!-- duration: 118ms -->
          <step title="Cleaning up temporary deployment - fetch deployment was successful" date="2025-11-29T21:40:43.558" /><!-- duration: 8ms -->
        </step><!-- duration: 300654ms -->
      </step><!-- duration: 302695ms -->
