<step title="Incoming Request" date="2025-12-02T05:14:21.984" instance="c18970" url="/api/deployments/latest?deployer=OneDeploy&amp;time=2025-12-02_05-12-29Z" method="GET" type="request" pid="772,1,3" Host="cocoatrack-api-20251129203507.scm.azurewebsites.net" User-Agent="GITHUBACTIONS_DeployWebAppToAzure_56d8412a3f1a6487d97d1c96128bd523292edbe2c3202b7d85158fbcd67b273e" Authorization="Bea..." Content-Type="application/json; charset=utf-8" Cookie="ARRAffinity=c1897021b9d0890aa7303bfdb1ba16dd5b9307bc22fe230a5624c152b0f71711;Path=/;HttpOnly;Secure;Domain=cocoatrack-api-20251129203507.scm.azurewebsites.net; ARRAffinitySameSite=c1897021b9d0890aa7303bfdb1ba16dd5b9307bc22fe230a5624c152b0f71711;Path=/;HttpOnly;SameSite=None;Secure;Domain=cocoatrack-api-20251129203507.scm.azurewebsites.net" Content-Length="0" X-ARR-LOG-ID="24ce879b-7986-4e41-bbc5-b1d492ffcda0" CLIENT-IP="135.232.201.80:11200" X-SITE-DEPLOYMENT-ID="cocoatrack-api-20251129203507" WAS-DEFAULT-HOSTNAME="cocoatrack-api-20251129203507.scm.azurewebsites.net" X-Forwarded-Proto="https" X-AppService-Proto="https" X-Forwarded-TlsVersion="1.3" X-WAWS-Unencoded-URL="/api/deployments/latest?deployer=OneDeploy&amp;time=2025-12-02_05-12-29Z" X-Client-IP="135.232.201.80" X-Client-Port="11200" >
  <step title="Cleanup Xml Logs" date="2025-12-02T05:14:22.004" >
    <step title="Cleanup Infos" date="2025-12-02T05:14:22.063" totalFiles="429" totalCleanup="269" /><!-- duration: 25ms -->
  </step><!-- duration: 114ms -->
  <step title="DeploymentService.GetResult" date="2025-12-02T05:14:22.181" >
    <step title="DeploymentService.GetLatestDeployment" date="2025-12-02T05:14:22.201" >
      <step title="DeploymentManager.GetResults" date="2025-12-02T05:14:22.227" /><!-- duration: 1865ms -->
    </step><!-- duration: 1928ms -->
  </step><!-- duration: 1966ms -->
  <step title="Outgoing response" date="2025-12-02T05:14:24.212" type="response" statusCode="202" statusText="Accepted" /><!-- duration: 21ms -->
</step><!-- duration: 2278ms -->
