<step title="BackgroundTrace" date="2025-12-01T11:17:02.144" instance="c18970" url="/api/zipdeploy" method="POST" >
  <step title="Creating temporary deployment - FetchDeploymentManager" date="2025-12-01T11:17:03.484" /><!-- duration: 68ms -->
  <step title="Creating temporary deployment" date="2025-12-01T11:17:03.619" /><!-- duration: 373ms -->
  <step title="Performing fetch based deployment" date="2025-12-01T11:17:04.873" >
    <step title="Cleaning up temp folders from previous zip deployments and extracting pushed zip file /tmp/zipdeploy/d2fee72a-7e7f-42e7-a40d-fe29997128dd.zip (0.24 MB) to /tmp/zipdeploy/extracted" date="2025-12-01T11:17:06.457" >
      <step title="ChmodRecursive Process exited with total time taken in ms: 144" date="2025-12-01T11:17:06.894" /><!-- duration: 10ms -->
    </step><!-- duration: 457ms -->
    <step title="Deployment timer started" date="2025-12-01T11:17:08.978" >
      <step title="DeploymentManager.Deploy(id:ae053434-6b40-4eb8-8b50-9d27dc3b6f77)" date="2025-12-01T11:17:09.021" >
        <step title="Collecting changeset information" date="2025-12-01T11:17:09.221" /><!-- duration: 305ms -->
        <step title="Updating submodules" date="2025-12-01T11:17:09.563" /><!-- duration: 1329ms -->
        <step title="Determining deployment builder" date="2025-12-01T11:17:11.495" >
          <step title="Builder is OryxBuilder" date="2025-12-01T11:17:11.540" /><!-- duration: 12ms -->
        </step><!-- duration: 72ms -->
        <step title="PreDeployment: context.CleanOutputPath False" date="2025-12-01T11:17:11.673" >
          <step title="PreDeployment: context.OutputPath /home/site/wwwroot" date="2025-12-01T11:17:11.974" >
            <step title="Building" date="2025-12-01T11:17:12.710" >
              <step title="Executing external process" date="2025-12-01T11:17:13.414" type="process" path="bash" arguments="-c &quot;oryx build /tmp/zipdeploy/extracted -o /home/site/wwwroot --platform python --platform-version 3.11 -p virtualenv_name=antenv --log-file /tmp/build-debug.log  -i /tmp/8de30cb2c79e647 --compress-destination-dir | tee /tmp/oryx-build.log ; exit $PIPESTATUS &quot;" >
                <step title="Cpu: python(989,31.700s)+ts(990,0.180s)+build.sh(988,0.000s)+build.sh(987,0.000s)+build.sh(881,0.070s)+oryx(856,8.740s)+tee(857,0.010s)+bash(855,0.000s)=total(40.690s)" date="2025-12-01T11:19:59.288" /><!-- duration: 50ms -->
                <step title="bash: no io activity for 60s, prev-cpu=-1.000s, current-cpu=40.690s" date="2025-12-01T11:19:59.377" /><!-- duration: 49ms -->
                <step title="Cpu: python(989,70.280s)+ts(990,0.180s)+build.sh(988,0.000s)+build.sh(987,0.000s)+build.sh(881,0.070s)+oryx(856,8.870s)+tee(857,0.010s)+bash(855,0.000s)=total(79.390s)" date="2025-12-01T11:21:00.223" /><!-- duration: 37ms -->
                <step title="bash: no io activity for 121s, prev-cpu=40.690s, current-cpu=79.390s" date="2025-12-01T11:21:00.293" /><!-- duration: 57ms -->
                <step title="Cpu: gzip(1107,21.750s)+sh(1106,0.000s)+tar(1105,1.870s)+build.sh(881,0.090s)+oryx(856,9.440s)+tee(857,0.020s)+bash(855,0.000s)=total(33.170s)" date="2025-12-01T11:22:47.346" /><!-- duration: 87ms -->
                <step title="bash: no io activity for 61s, prev-cpu=-1.000s, current-cpu=33.170s" date="2025-12-01T11:22:47.503" /><!-- duration: 183ms -->
              </step><!-- duration: 375751ms -->
              <step title="Using PythonDeploymentLogParser" date="2025-12-01T11:23:29.893" /><!-- duration: 13ms -->
              <step title="Triggering recycle (preview mode disabled)." date="2025-12-01T11:23:32.209" /><!-- duration: 14ms -->
              <step title="Modified file to trigger a restart of the app container." date="2025-12-01T11:23:32.308" /><!-- duration: 25ms -->
              <step title="Skip function trigger and logicapp sync because function is not enabled." date="2025-12-01T11:23:32.353" /><!-- duration: 34ms -->
              <step title="Purge deployment items" date="2025-12-01T11:23:34.677" >
                <step title="Remove f8cec573-, Success, received at 11/29/2025 21:35:41" date="2025-12-01T11:23:34.804" /><!-- duration: 15ms -->
              </step><!-- duration: 150ms -->
            </step><!-- duration: 382249ms -->
          </step><!-- duration: 383008ms -->
          <step title="Cleaning up temp files" date="2025-12-01T11:23:34.993" /><!-- duration: 6193ms -->
          <step title="Cleaning up temp files" date="2025-12-01T11:23:41.223" /><!-- duration: 566ms -->
          <step title="Reloading status file with latest updates" date="2025-12-01T11:23:41.912" >
            <step title="WebHooksManager.PublishEventAsync: PostDeployment" date="2025-12-01T11:23:41.951" /><!-- duration: 203ms -->
          </step><!-- duration: 270ms -->
          <step title="Cleaning up temporary deployment - fetch deployment was successful" date="2025-12-01T11:23:42.278" /><!-- duration: 88ms -->
        </step><!-- duration: 390943ms -->
      </step><!-- duration: 393749ms -->
