<step title="BackgroundTrace" date="2025-12-01T07:52:16.060" instance="c18970" url="/api/zipdeploy" method="POST" >
  <step title="Creating temporary deployment - FetchDeploymentManager" date="2025-12-01T07:52:16.859" /><!-- duration: 19ms -->
  <step title="Creating temporary deployment" date="2025-12-01T07:52:16.952" /><!-- duration: 725ms -->
  <step title="Performing fetch based deployment" date="2025-12-01T07:52:18.261" >
    <step title="Cleaning up temp folders from previous zip deployments and extracting pushed zip file /tmp/zipdeploy/36b26577-ac22-4fc6-b822-aead0f34bab7.zip (0.24 MB) to /tmp/zipdeploy/extracted" date="2025-12-01T07:52:20.240" >
      <step title="ChmodRecursive Process exited with total time taken in ms: 645" date="2025-12-01T07:52:23.077" /><!-- duration: 73ms -->
    </step><!-- duration: 2961ms -->
    <step title="Deployment timer started" date="2025-12-01T07:52:25.379" >
      <step title="DeploymentManager.Deploy(id:822e491d-b93b-4167-8743-b22ceb0b2021)" date="2025-12-01T07:52:25.468" >
        <step title="Collecting changeset information" date="2025-12-01T07:52:25.737" /><!-- duration: 655ms -->
        <step title="Updating submodules" date="2025-12-01T07:52:26.447" /><!-- duration: 1512ms -->
        <step title="Determining deployment builder" date="2025-12-01T07:52:28.792" >
          <step title="Builder is OryxBuilder" date="2025-12-01T07:52:28.973" /><!-- duration: 48ms -->
        </step><!-- duration: 258ms -->
        <step title="PreDeployment: context.CleanOutputPath False" date="2025-12-01T07:52:29.293" >
          <step title="PreDeployment: context.OutputPath /home/site/wwwroot" date="2025-12-01T07:52:29.842" >
            <step title="Building" date="2025-12-01T07:52:30.545" >
              <step title="Executing external process" date="2025-12-01T07:52:31.686" type="process" path="bash" arguments="-c &quot;oryx build /tmp/zipdeploy/extracted -o /home/site/wwwroot --platform python --platform-version 3.11 -p virtualenv_name=antenv --log-file /tmp/build-debug.log  -i /tmp/8de30ae938a976c --compress-destination-dir | tee /tmp/oryx-build.log ; exit $PIPESTATUS &quot;" >
                <step title="Cpu: python(21469,38.290s)+ts(21470,0.140s)+build.sh(21468,0.000s)+build.sh(21467,0.000s)+build.sh(21383,0.080s)+oryx(21366,5.080s)+tee(21367,0.010s)+bash(21365,0.000s)=total(43.580s)" date="2025-12-01T07:54:04.815" /><!-- duration: 64ms -->
                <step title="bash: no io activity for 61s, prev-cpu=-1.000s, current-cpu=43.580s" date="2025-12-01T07:54:04.963" /><!-- duration: 108ms -->
                <step title="Cpu: python(21469,65.370s)+ts(21470,0.140s)+build.sh(21468,0.000s)+build.sh(21467,0.000s)+build.sh(21383,0.080s)+oryx(21366,5.260s)+tee(21367,0.010s)+bash(21365,0.000s)=total(70.840s)" date="2025-12-01T07:55:05.886" /><!-- duration: 45ms -->
                <step title="bash: no io activity for 123s, prev-cpu=43.580s, current-cpu=70.840s" date="2025-12-01T07:55:06.006" /><!-- duration: 45ms -->
                <step title="Cpu: gzip(21560,29.600s)+sh(21559,0.000s)+tar(21558,2.410s)+build.sh(21383,0.100s)+oryx(21366,5.760s)+tee(21367,0.010s)+bash(21365,0.000s)=total(37.880s)" date="2025-12-01T07:57:29.101" /><!-- duration: 78ms -->
                <step title="bash: no io activity for 60s, prev-cpu=-1.000s, current-cpu=37.880s" date="2025-12-01T07:57:29.224" /><!-- duration: 44ms -->
              </step><!-- duration: 342139ms -->
              <step title="Using PythonDeploymentLogParser" date="2025-12-01T07:58:14.641" /><!-- duration: 9ms -->
              <step title="Triggering recycle (preview mode disabled)." date="2025-12-01T07:58:16.752" /><!-- duration: 20ms -->
              <step title="Modified file to trigger a restart of the app container." date="2025-12-01T07:58:16.854" /><!-- duration: 12ms -->
              <step title="Skip function trigger and logicapp sync because function is not enabled." date="2025-12-01T07:58:16.902" /><!-- duration: 27ms -->
            </step><!-- duration: 348138ms -->
          </step><!-- duration: 348857ms -->
          <step title="Cleaning up temp files" date="2025-12-01T07:58:18.727" /><!-- duration: 3949ms -->
          <step title="Cleaning up temp files" date="2025-12-01T07:58:22.705" /><!-- duration: 514ms -->
          <step title="Reloading status file with latest updates" date="2025-12-01T07:58:23.275" >
            <step title="WebHooksManager.PublishEventAsync: PostDeployment" date="2025-12-01T07:58:23.283" /><!-- duration: 93ms -->
          </step><!-- duration: 112ms -->
          <step title="Cleaning up temporary deployment - fetch deployment was successful" date="2025-12-01T07:58:23.400" /><!-- duration: 7ms -->
        </step><!-- duration: 354200ms -->
      </step><!-- duration: 358065ms -->
