<step title="Incoming Request" date="2025-12-01T08:38:40.994" instance="c18970" url="/api/deployments/latest" method="GET" type="request" pid="776,1,18" Accept="*/*" Host="cocoatrack-api-20251129203507.scm.azurewebsites.net" User-Agent="AZURECLI/2.80.0 (MSI)" Accept-Encoding="gzip, deflate" Authorization="Bea..." x-ms-client-request-id="09a697ba-ce91-11f0-a4bf-70cf494b569b" X-ARR-LOG-ID="09a697ba-ce91-11f0-a4bf-70cf494b569b" CLIENT-IP="102.244.98.82:17910" X-SITE-DEPLOYMENT-ID="cocoatrack-api-20251129203507" WAS-DEFAULT-HOSTNAME="cocoatrack-api-20251129203507.scm.azurewebsites.net" X-Forwarded-Proto="https" X-AppService-Proto="https" X-Forwarded-TlsVersion="1.3" X-WAWS-Unencoded-URL="/api/deployments/latest" X-Client-IP="102.244.98.82" X-Client-Port="17910" >
  <step title="Cleanup Xml Logs" date="2025-12-01T08:38:41.051" >
    <step title="Cleanup Infos" date="2025-12-01T08:38:41.189" totalFiles="233" totalCleanup="73" /><!-- duration: 46ms -->
  </step><!-- duration: 206ms -->
  <step title="DeploymentService.GetResult" date="2025-12-01T08:38:41.325" >
    <step title="DeploymentService.GetLatestDeployment" date="2025-12-01T08:38:41.353" >
      <step title="DeploymentManager.GetResults" date="2025-12-01T08:38:41.389" /><!-- duration: 1793ms -->
    </step><!-- duration: 1845ms -->
  </step><!-- duration: 1881ms -->
  <step title="Outgoing response" date="2025-12-01T08:38:43.224" type="response" statusCode="202" statusText="Accepted" /><!-- duration: 11ms -->
</step><!-- duration: 2251ms -->
