﻿<?xml version="1.0" encoding="utf-8"?>
<deployment>
  <id>0c53a262-44ce-426e-8e46-6aaa471de104</id>
  <author>N/A</author>
  <deployer>Push-Deployer</deployer>
  <authorEmail>N/A</authorEmail>
  <message>Created via a push deployment</message>
  <progress></progress>
  <status>Success</status>
  <statusText></statusText>
  <lastSuccessEndTime>2025-12-01T08:58:42.5328723Z</lastSuccessEndTime>
  <receivedTime>2025-12-01T08:52:40.6926094Z</receivedTime>
  <startTime>2025-12-01T08:52:42.4385218Z</startTime>
  <endTime>2025-12-01T08:58:42.5328723Z</endTime>
  <complete>True</complete>
  <is_temp>False</is_temp>
  <is_readonly>True</is_readonly>
  <buildSummary />
</deployment>