<step title="Incoming Request" date="2025-11-29T20:14:49.381" instance="c18970" url="/api/zipdeploy?isAsync=true" method="POST" type="request" pid="768,1,34" Accept="*/*" Host="cocoatrack-api-20251129203507.scm.azurewebsites.net" User-Agent="AZURECLI/2.80.0 (MSI)" Accept-Encoding="gzip, deflate" Authorization="Bea..." Cache-Control="no-cache" Content-Type="application/octet-stream" Content-Length="246103" x-ms-client-request-id="e5b7c413-cd5f-11f0-9950-70cf494b569e" x-ms-artifact-checksum="bad433f88bf1744e9e032d65ac50043350924fe37a1543f59796c9c88d925280" X-ARR-LOG-ID="e5b7c413-cd5f-11f0-9950-70cf494b569e" CLIENT-IP="102.244.222.54:2522" X-SITE-DEPLOYMENT-ID="cocoatrack-api-20251129203507" WAS-DEFAULT-HOSTNAME="cocoatrack-api-20251129203507.scm.azurewebsites.net" X-Forwarded-Proto="https" X-AppService-Proto="https" X-Forwarded-TlsVersion="1.3" X-WAWS-Unencoded-URL="/api/zipdeploy?isAsync=true" X-Client-IP="102.244.222.54" X-Client-Port="2522" >
  <step title="Cleanup Xml Logs" date="2025-11-29T20:14:49.388" /><!-- duration: 17ms -->
  <step title="ZipPushDeploy" date="2025-11-29T20:14:49.440" >
    <step title="ZipDeploy. Extract zip. Remote build." date="2025-11-29T20:14:49.458" /><!-- duration: 8ms -->
    <step title="Starting PushDeployAsync" date="2025-11-29T20:14:49.477" /><!-- duration: 8ms -->
    <step title="Writing artifact to /tmp/zipdeploy/8333f371-e04b-4d30-a530-2ea55334aed9.zip" date="2025-11-29T20:14:49.512" >
      <step title="Writing multipart request body to /tmp/zipdeploy/8333f371-e04b-4d30-a530-2ea55334aed9.zip" date="2025-11-29T20:14:49.520" /><!-- duration: 19ms -->
    </step><!-- duration: 121ms -->
    <step title="Removing previous build artifact&apos;s manifest file" date="2025-11-29T20:14:49.644" >
      <step title="Start deployment in the background" date="2025-11-29T20:14:49.678" >
        <step title="Acquiring Deployment Lock" date="2025-11-29T20:14:49.716" /><!-- duration: 8ms -->
        <step title="Acquired Deployment Lock" date="2025-11-29T20:14:49.774" /><!-- duration: 8ms -->
      </step><!-- duration: 246ms -->
    </step><!-- duration: 300ms -->
    <step title="Outgoing response" date="2025-11-29T20:14:49.952" type="response" statusCode="202" statusText="Accepted" /><!-- duration: 7ms -->
  </step><!-- duration: 527ms -->
