<step title="BackgroundTrace" date="2025-12-02T05:50:35.916" instance="c18970" url="/api/publish" method="POST" >
  <step title="Creating temporary deployment - FetchDeploymentManager" date="2025-12-02T05:50:36.042" /><!-- duration: 6ms -->
  <step title="Creating temporary deployment" date="2025-12-02T05:50:36.062" /><!-- duration: 96ms -->
  <step title="Performing fetch based deployment" date="2025-12-02T05:50:36.277" >
    <step title="Cleaning up temp folders from previous zip deployments and extracting pushed zip file /tmp/zipdeploy/1403d9b2-91b0-4fc1-bef4-17ed22bae291.zip (0.24 MB) to /tmp/zipdeploy/extracted" date="2025-12-02T05:50:37.662" >
      <step title="ChmodRecursive Process exited with total time taken in ms: 88" date="2025-12-02T05:50:38.035" /><!-- duration: 19ms -->
    </step><!-- duration: 420ms -->
    <step title="Deployment timer started" date="2025-12-02T05:50:40.142" >
      <step title="DeploymentManager.Deploy(id:ce5524d3-515d-4355-9fae-41fc17e29f56)" date="2025-12-02T05:50:40.207" >
        <step title="Collecting changeset information" date="2025-12-02T05:50:40.316" /><!-- duration: 250ms -->
        <step title="Updating submodules" date="2025-12-02T05:50:40.596" /><!-- duration: 1338ms -->
        <step title="Determining deployment builder" date="2025-12-02T05:50:42.699" >
          <step title="Builder is OryxBuilder" date="2025-12-02T05:50:42.769" /><!-- duration: 41ms -->
        </step><!-- duration: 138ms -->
        <step title="PreDeployment: context.CleanOutputPath False" date="2025-12-02T05:50:42.952" >
          <step title="PreDeployment: context.OutputPath /home/site/wwwroot" date="2025-12-02T05:50:43.184" >
            <step title="Building" date="2025-12-02T05:50:43.439" >
              <step title="Executing external process" date="2025-12-02T05:50:44.072" type="process" path="bash" arguments="-c &quot;oryx build /tmp/zipdeploy/extracted -o /home/site/wwwroot --platform python --platform-version 3.11 -p virtualenv_name=antenv --log-file /tmp/build-debug.log  -i /tmp/8de3166bb19a6cb --compress-destination-dir | tee /tmp/oryx-build.log ; exit $PIPESTATUS &quot;" >
                <step title="Cpu: python(933,30.390s)+ts(934,0.140s)+build.sh(932,0.000s)+build.sh(931,0.000s)+build.sh(833,0.050s)+oryx(812,5.970s)+tee(813,0.000s)+bash(811,0.010s)=total(36.550s)" date="2025-12-02T05:52:38.793" /><!-- duration: 81ms -->
                <step title="bash: no io activity for 61s, prev-cpu=-1.000s, current-cpu=36.550s" date="2025-12-02T05:52:39.017" /><!-- duration: 79ms -->
                <step title="Cpu: python(933,71.780s)+ts(934,0.140s)+build.sh(932,0.000s)+build.sh(931,0.000s)+build.sh(833,0.050s)+oryx(812,6.050s)+tee(813,0.000s)+bash(811,0.010s)=total(78.020s)" date="2025-12-02T05:53:39.529" /><!-- duration: 37ms -->
                <step title="bash: no io activity for 122s, prev-cpu=36.550s, current-cpu=78.020s" date="2025-12-02T05:53:39.606" /><!-- duration: 17ms -->
                <step title="Cpu: gzip(1055,27.630s)+sh(1054,0.000s)+tar(1052,2.440s)+build.sh(833,0.080s)+oryx(812,6.710s)+tee(813,0.000s)+bash(811,0.010s)=total(36.870s)" date="2025-12-02T05:55:37.533" /><!-- duration: 37ms -->
                <step title="bash: no io activity for 61s, prev-cpu=-1.000s, current-cpu=36.870s" date="2025-12-02T05:55:37.646" /><!-- duration: 40ms -->
              </step><!-- duration: 345665ms -->
              <step title="Using PythonDeploymentLogParser" date="2025-12-02T05:56:30.645" /><!-- duration: 20ms -->
              <step title="Modified file to trigger a restart of the app container." date="2025-12-02T05:56:33.105" /><!-- duration: 28ms -->
              <step title="Skip function trigger and logicapp sync because function is not enabled." date="2025-12-02T05:56:33.167" /><!-- duration: 18ms -->
              <step title="Purge deployment items" date="2025-12-02T05:56:35.193" >
                <step title="Remove e88c4a4c-, Success, received at 11/30/2025 04:34:18" date="2025-12-02T05:56:35.354" /><!-- duration: 6ms -->
              </step><!-- duration: 176ms -->
            </step><!-- duration: 352090ms -->
          </step><!-- duration: 352357ms -->
          <step title="Cleaning up temp files" date="2025-12-02T05:56:35.548" /><!-- duration: 3516ms -->
          <step title="Cleaning up temp files" date="2025-12-02T05:56:39.077" /><!-- duration: 514ms -->
          <step title="Reloading status file with latest updates" date="2025-12-02T05:56:39.644" >
            <step title="WebHooksManager.PublishEventAsync: PostDeployment" date="2025-12-02T05:56:39.652" /><!-- duration: 121ms -->
          </step><!-- duration: 136ms -->
          <step title="Cleaning up temporary deployment - fetch deployment was successful" date="2025-12-02T05:56:39.793" /><!-- duration: 41ms -->
        </step><!-- duration: 356948ms -->
      </step><!-- duration: 359729ms -->
