<step title="Incoming Request" date="2025-12-01T22:55:30.664" instance="c18970" url="/api/zipdeploy?isAsync=true" method="POST" type="request" pid="770,1,7" Accept="*/*" Host="cocoatrack-api-20251129203507.scm.azurewebsites.net" User-Agent="AZURECLI/2.80.0 (MSI)" Accept-Encoding="gzip, deflate" Authorization="Bea..." Cache-Control="no-cache" Content-Type="application/octet-stream" Content-Length="260242" x-ms-client-request-id="ce006e30-cf08-11f0-bf61-70cf494b569e" x-ms-artifact-checksum="ea18230586310c12d8ee770ea9f497ed112dc5f0cae8f9a0932f78e4ed4c5505" X-ARR-LOG-ID="ce006e30-cf08-11f0-bf61-70cf494b569e" CLIENT-IP="37.19.199.147:18069" X-SITE-DEPLOYMENT-ID="cocoatrack-api-20251129203507" WAS-DEFAULT-HOSTNAME="cocoatrack-api-20251129203507.scm.azurewebsites.net" X-Forwarded-Proto="https" X-AppService-Proto="https" X-Forwarded-TlsVersion="1.3" X-WAWS-Unencoded-URL="/api/zipdeploy?isAsync=true" X-Client-IP="37.19.199.147" X-Client-Port="18069" >
  <step title="ZipPushDeploy" date="2025-12-01T22:55:31.635" >
    <step title="ZipDeploy. Extract zip. Remote build." date="2025-12-01T22:55:31.655" /><!-- duration: 9ms -->
    <step title="None repository commit" date="2025-12-01T22:55:31.679" >
      <step title="Commit id: 6baf43fa-07a1-45b9-9048-2741443dadef" date="2025-12-01T22:55:31.686" Message="N/A" AuthorName="N/A" AuthorEmail="N/A" /><!-- duration: 7ms -->
    </step><!-- duration: 21ms -->
    <step title="Starting PushDeployAsync" date="2025-12-01T22:55:31.708" /><!-- duration: 7ms -->
    <step title="Writing artifact to /tmp/zipdeploy/fdc4134c-1df8-49f5-9248-8421f8da1fc7.zip" date="2025-12-01T22:55:31.828" >
      <step title="Writing multipart request body to /tmp/zipdeploy/fdc4134c-1df8-49f5-9248-8421f8da1fc7.zip" date="2025-12-01T22:55:31.838" /><!-- duration: 7ms -->
    </step><!-- duration: 210ms -->
    <step title="Start deployment in the background" date="2025-12-01T22:55:32.084" >
      <step title="Acquiring Deployment Lock" date="2025-12-01T22:55:32.129" /><!-- duration: 16ms -->
      <step title="Acquired Deployment Lock" date="2025-12-01T22:55:32.263" /><!-- duration: 7ms -->
    </step><!-- duration: 362ms -->
  </step><!-- duration: 826ms -->
  <step title="Outgoing response" date="2025-12-01T22:55:32.484" type="response" statusCode="202" statusText="Accepted" /><!-- duration: 12ms -->
</step><!-- duration: 1839ms -->
