<step title="Incoming Request" date="2025-12-02T05:15:15.924" instance="c18970" url="/api/deployments/latest?deployer=OneDeploy&amp;time=2025-12-02_05-12-29Z" method="GET" type="request" pid="772,1,22" Host="cocoatrack-api-20251129203507.scm.azurewebsites.net" User-Agent="GITHUBACTIONS_DeployWebAppToAzure_56d8412a3f1a6487d97d1c96128bd523292edbe2c3202b7d85158fbcd67b273e" Authorization="Bea..." Content-Type="application/json; charset=utf-8" Cookie="ARRAffinity=c1897021b9d0890aa7303bfdb1ba16dd5b9307bc22fe230a5624c152b0f71711;Path=/;HttpOnly;Secure;Domain=cocoatrack-api-20251129203507.scm.azurewebsites.net; ARRAffinitySameSite=c1897021b9d0890aa7303bfdb1ba16dd5b9307bc22fe230a5624c152b0f71711;Path=/;HttpOnly;SameSite=None;Secure;Domain=cocoatrack-api-20251129203507.scm.azurewebsites.net" Content-Length="0" X-ARR-LOG-ID="e9ee3ec6-884e-4d14-bc81-a87b57cf5ce0" CLIENT-IP="135.232.201.80:11202" X-SITE-DEPLOYMENT-ID="cocoatrack-api-20251129203507" WAS-DEFAULT-HOSTNAME="cocoatrack-api-20251129203507.scm.azurewebsites.net" X-Forwarded-Proto="https" X-AppService-Proto="https" X-Forwarded-TlsVersion="1.3" X-WAWS-Unencoded-URL="/api/deployments/latest?deployer=OneDeploy&amp;time=2025-12-02_05-12-29Z" X-Client-IP="135.232.201.80" X-Client-Port="11202" >
  <step title="Cleanup Xml Logs" date="2025-12-02T05:15:15.942" >
    <step title="Cleanup Infos" date="2025-12-02T05:15:16.011" totalFiles="436" totalCleanup="276" /><!-- duration: 28ms -->
  </step><!-- duration: 118ms -->
  <step title="DeploymentService.GetResult" date="2025-12-02T05:15:16.088" >
    <step title="DeploymentService.GetLatestDeployment" date="2025-12-02T05:15:16.117" >
      <step title="DeploymentManager.GetResults" date="2025-12-02T05:15:16.135" /><!-- duration: 1769ms -->
    </step><!-- duration: 1806ms -->
  </step><!-- duration: 1870ms -->
  <step title="Outgoing response" date="2025-12-02T05:15:17.980" type="response" statusCode="202" statusText="Accepted" /><!-- duration: 26ms -->
</step><!-- duration: 2094ms -->
