<step title="Incoming Request" date="2025-12-02T05:50:44.640" instance="c18970" url="/api/deployments/latest" method="GET" type="request" pid="770,1,5" Accept="*/*" Host="cocoatrack-api-20251129203507.scm.azurewebsites.net" User-Agent="AZURECLI/2.80.0 (MSI)" Accept-Encoding="gzip, deflate" Authorization="Bea..." x-ms-client-request-id="c08fd040-cf42-11f0-bbe3-70cf494b569b" X-ARR-LOG-ID="c08fd040-cf42-11f0-bbe3-70cf494b569b" CLIENT-IP="102.244.222.253:13165" X-SITE-DEPLOYMENT-ID="cocoatrack-api-20251129203507" WAS-DEFAULT-HOSTNAME="cocoatrack-api-20251129203507.scm.azurewebsites.net" X-Forwarded-Proto="https" X-AppService-Proto="https" X-Forwarded-TlsVersion="1.3" X-WAWS-Unencoded-URL="/api/deployments/latest" X-Client-IP="102.244.222.253" X-Client-Port="13165" >
  <step title="Cleanup Xml Logs" date="2025-12-02T05:50:44.667" >
    <step title="Cleanup Infos" date="2025-12-02T05:50:44.742" totalFiles="461" totalCleanup="301" /><!-- duration: 31ms -->
  </step><!-- duration: 124ms -->
  <step title="DeploymentService.GetResult" date="2025-12-02T05:50:44.847" >
    <step title="DeploymentService.GetLatestDeployment" date="2025-12-02T05:50:44.865" >
      <step title="DeploymentManager.GetResults" date="2025-12-02T05:50:44.894" /><!-- duration: 2231ms -->
    </step><!-- duration: 2310ms -->
  </step><!-- duration: 2346ms -->
  <step title="Outgoing response" date="2025-12-02T05:50:47.224" type="response" statusCode="202" statusText="Accepted" /><!-- duration: 21ms -->
</step><!-- duration: 2637ms -->
