<step title="Incoming Request" date="2025-11-29T21:35:35.016" instance="c18970" url="/api/zipdeploy?isAsync=true" method="POST" type="request" pid="768,1,29" Accept="*/*" Host="cocoatrack-api-20251129203507.scm.azurewebsites.net" User-Agent="AZURECLI/2.80.0 (MSI)" Accept-Encoding="gzip, deflate" Authorization="Bea..." Cache-Control="no-cache" Content-Type="application/octet-stream" Content-Length="246073" x-ms-client-request-id="416b5e06-cd6b-11f0-8985-70cf494b569e" x-ms-artifact-checksum="2d41610e2d3e9849d2eea1d90cad57592a3cff0c8e40527e079464f2c332c5f9" X-ARR-LOG-ID="416b5e06-cd6b-11f0-8985-70cf494b569e" CLIENT-IP="102.244.222.54:11237" X-SITE-DEPLOYMENT-ID="cocoatrack-api-20251129203507" WAS-DEFAULT-HOSTNAME="cocoatrack-api-20251129203507.scm.azurewebsites.net" X-Forwarded-Proto="https" X-AppService-Proto="https" X-Forwarded-TlsVersion="1.3" X-WAWS-Unencoded-URL="/api/zipdeploy?isAsync=true" X-Client-IP="102.244.222.54" X-Client-Port="11237" >
  <step title="Cleanup Xml Logs" date="2025-11-29T21:35:35.035" /><!-- duration: 21ms -->
  <step title="ZipPushDeploy" date="2025-11-29T21:35:35.152" >
    <step title="ZipDeploy. Extract zip. Remote build." date="2025-11-29T21:35:35.186" /><!-- duration: 8ms -->
    <step title="Starting PushDeployAsync" date="2025-11-29T21:35:35.205" /><!-- duration: 8ms -->
    <step title="Writing artifact to /tmp/zipdeploy/f3a8d7bc-9fc8-46e3-93c4-393ed83e1709.zip" date="2025-11-29T21:35:35.245" >
      <step title="Writing multipart request body to /tmp/zipdeploy/f3a8d7bc-9fc8-46e3-93c4-393ed83e1709.zip" date="2025-11-29T21:35:35.254" /><!-- duration: 8ms -->
    </step><!-- duration: 1192ms -->
    <step title="Removing previous build artifact&apos;s manifest file" date="2025-11-29T21:35:36.462" >
      <step title="Start deployment in the background" date="2025-11-29T21:35:36.492" >
        <step title="Acquiring Deployment Lock" date="2025-11-29T21:35:36.543" /><!-- duration: 9ms -->
        <step title="Acquired Deployment Lock" date="2025-11-29T21:35:36.627" /><!-- duration: 8ms -->
      </step><!-- duration: 293ms -->
    </step><!-- duration: 350ms -->
    <step title="Outgoing response" date="2025-11-29T21:35:36.832" type="response" statusCode="202" statusText="Accepted" /><!-- duration: 13ms -->
  </step><!-- duration: 1705ms -->
