<step title="Incoming Request" date="2025-12-01T08:13:11.490" instance="c18970" url="/api/zipdeploy?isAsync=true" method="POST" type="request" pid="776,1,92" Accept="*/*" Host="cocoatrack-api-20251129203507.scm.azurewebsites.net" User-Agent="AZURECLI/2.80.0 (MSI)" Accept-Encoding="gzip, deflate" Authorization="Bea..." Cache-Control="no-cache" Content-Type="application/octet-stream" Content-Length="246486" x-ms-client-request-id="82374313-ce8d-11f0-8a29-70cf494b569b" x-ms-artifact-checksum="c8eec2e39154ccd8ca72be6b57a8de1226472b8c6bceed2baf1e001954132531" X-ARR-LOG-ID="82374313-ce8d-11f0-8a29-70cf494b569b" CLIENT-IP="102.244.98.82:18854" X-SITE-DEPLOYMENT-ID="cocoatrack-api-20251129203507" WAS-DEFAULT-HOSTNAME="cocoatrack-api-20251129203507.scm.azurewebsites.net" X-Forwarded-Proto="https" X-AppService-Proto="https" X-Forwarded-TlsVersion="1.3" X-WAWS-Unencoded-URL="/api/zipdeploy?isAsync=true" X-Client-IP="102.244.98.82" X-Client-Port="18854" >
  <step title="Cleanup Xml Logs" date="2025-12-01T08:13:11.535" >
    <step title="Cleanup Infos" date="2025-12-01T08:13:11.567" totalFiles="208" totalCleanup="48" /><!-- duration: 43ms -->
  </step><!-- duration: 84ms -->
  <step title="ZipPushDeploy" date="2025-12-01T08:13:11.663" >
    <step title="ZipDeploy. Extract zip. Remote build." date="2025-12-01T08:13:11.690" /><!-- duration: 8ms -->
    <step title="Starting PushDeployAsync" date="2025-12-01T08:13:11.741" /><!-- duration: 16ms -->
    <step title="Writing artifact to /tmp/zipdeploy/85ec5786-81f4-4605-ba30-6ee833c864f3.zip" date="2025-12-01T08:13:11.793" >
      <step title="Writing multipart request body to /tmp/zipdeploy/85ec5786-81f4-4605-ba30-6ee833c864f3.zip" date="2025-12-01T08:13:11.802" /><!-- duration: 11ms -->
    </step><!-- duration: 116ms -->
    <step title="Removing previous build artifact&apos;s manifest file" date="2025-12-01T08:13:11.920" >
      <step title="Start deployment in the background" date="2025-12-01T08:13:11.947" >
        <step title="Acquiring Deployment Lock" date="2025-12-01T08:13:11.980" /><!-- duration: 14ms -->
        <step title="Acquired Deployment Lock" date="2025-12-01T08:13:12.092" /><!-- duration: 14ms -->
      </step><!-- duration: 411ms -->
    </step><!-- duration: 471ms -->
    <step title="Outgoing response" date="2025-12-01T08:13:12.442" type="response" statusCode="202" statusText="Accepted" /><!-- duration: 44ms -->
  </step><!-- duration: 836ms -->
