<step title="Incoming Request" date="2025-12-01T09:08:18.934" instance="c18970" url="/api/deployments/latest" method="GET" type="request" pid="776,1,90" Accept="*/*" Host="cocoatrack-api-20251129203507.scm.azurewebsites.net" User-Agent="AZURECLI/2.80.0 (MSI)" Accept-Encoding="gzip, deflate" Authorization="Bea..." x-ms-client-request-id="2c523abc-ce95-11f0-ae16-70cf494b569b" X-ARR-LOG-ID="2c523abc-ce95-11f0-ae16-70cf494b569b" CLIENT-IP="102.244.98.82:8439" X-SITE-DEPLOYMENT-ID="cocoatrack-api-20251129203507" WAS-DEFAULT-HOSTNAME="cocoatrack-api-20251129203507.scm.azurewebsites.net" X-Forwarded-Proto="https" X-AppService-Proto="https" X-Forwarded-TlsVersion="1.3" X-WAWS-Unencoded-URL="/api/deployments/latest" X-Client-IP="102.244.98.82" X-Client-Port="8439" >
  <step title="Cleanup Xml Logs" date="2025-12-01T09:08:18.943" >
    <step title="Cleanup Infos" date="2025-12-01T09:08:18.989" totalFiles="280" totalCleanup="120" /><!-- duration: 14ms -->
  </step><!-- duration: 78ms -->
  <step title="DeploymentService.GetResult" date="2025-12-01T09:08:19.039" >
    <step title="DeploymentService.GetLatestDeployment" date="2025-12-01T09:08:19.049" >
      <step title="DeploymentManager.GetResults" date="2025-12-01T09:08:19.088" /><!-- duration: 2169ms -->
    </step><!-- duration: 2348ms -->
  </step><!-- duration: 2425ms -->
  <step title="Outgoing response" date="2025-12-01T09:08:21.511" type="response" statusCode="202" statusText="Accepted" /><!-- duration: 12ms -->
</step><!-- duration: 2597ms -->
