<step title="Incoming Request" date="2025-12-01T08:52:45.130" instance="c18970" url="/api/deployments/latest" method="GET" type="request" pid="776,1,90" Accept="*/*" Host="cocoatrack-api-20251129203507.scm.azurewebsites.net" User-Agent="AZURECLI/2.80.0 (MSI)" Accept-Encoding="gzip, deflate" Authorization="Bea..." x-ms-client-request-id="037f5a05-ce93-11f0-84dc-70cf494b569b" X-ARR-LOG-ID="037f5a05-ce93-11f0-84dc-70cf494b569b" CLIENT-IP="102.244.98.82:12013" X-SITE-DEPLOYMENT-ID="cocoatrack-api-20251129203507" WAS-DEFAULT-HOSTNAME="cocoatrack-api-20251129203507.scm.azurewebsites.net" X-Forwarded-Proto="https" X-AppService-Proto="https" X-Forwarded-TlsVersion="1.3" X-WAWS-Unencoded-URL="/api/deployments/latest" X-Client-IP="102.244.98.82" X-Client-Port="12013" >
  <step title="Cleanup Xml Logs" date="2025-12-01T08:52:45.152" >
    <step title="Cleanup Infos" date="2025-12-01T08:52:45.214" totalFiles="253" totalCleanup="93" /><!-- duration: 24ms -->
  </step><!-- duration: 105ms -->
  <step title="DeploymentService.GetResult" date="2025-12-01T08:52:45.301" >
    <step title="DeploymentService.GetLatestDeployment" date="2025-12-01T08:52:45.334" >
      <step title="DeploymentManager.GetResults" date="2025-12-01T08:52:45.362" /><!-- duration: 2112ms -->
    </step><!-- duration: 2149ms -->
  </step><!-- duration: 2190ms -->
  <step title="Outgoing response" date="2025-12-01T08:52:47.505" type="response" statusCode="202" statusText="Accepted" /><!-- duration: 7ms -->
</step><!-- duration: 2389ms -->
