<step title="Incoming Request" date="2025-12-09T16:53:17.134" instance="60744f" url="/api/publish?type=zip&amp;async=True" method="POST" type="request" pid="768,1,44" Accept="*/*" Host="cocoatrack-api-prod.scm.azurewebsites.net" User-Agent="AZURECLI/2.80.0 (MSI)" Accept-Encoding="gzip, deflate" Authorization="Bea..." Cache-Control="no-cache" Content-Type="application/octet-stream" Cookie="ARRAffinity=60744fb281ee7c3da65425757fc6252f7f0129baef2e8c097b212ac44c2046ca; ARRAffinitySameSite=60744fb281ee7c3da65425757fc6252f7f0129baef2e8c097b212ac44c2046ca" Content-Length="3419765" x-ms-client-request-id="7e6022e0-d51f-11f0-a473-70cf494b569b" x-ms-artifact-checksum="e8b89ece46c9a60f736ce6337e06aa7643ef3fae93063843641b5c991b62b3be" X-ARR-LOG-ID="7e6022e0-d51f-11f0-a473-70cf494b569b" CLIENT-IP="185.183.34.155:53616" X-SITE-DEPLOYMENT-ID="cocoatrack-api-prod" WAS-DEFAULT-HOSTNAME="cocoatrack-api-prod.scm.azurewebsites.net" X-Forwarded-Proto="https" X-AppService-Proto="https" X-Forwarded-TlsVersion="1.3" X-WAWS-Unencoded-URL="/api/publish?type=zip&amp;async=True" X-Client-IP="185.183.34.155" X-Client-Port="53616" >
  <step title="OneDeploy" date="2025-12-09T16:53:17.159" >
    <step title="Starting PushDeployAsync" date="2025-12-09T16:53:17.177" /><!-- duration: 7ms -->
    <step title="Writing artifact to /tmp/zipdeploy/2ddb6d4e-59b0-410a-a145-d029dd7c33b5.zip" date="2025-12-09T16:53:17.197" >
      <step title="Writing multipart request body to /tmp/zipdeploy/2ddb6d4e-59b0-410a-a145-d029dd7c33b5.zip" date="2025-12-09T16:53:17.202" /><!-- duration: 6ms -->
    </step><!-- duration: 5659ms -->
    <step title="Removing previous build artifact&apos;s manifest file" date="2025-12-09T16:53:22.871" >
      <step title="Start deployment in the background" date="2025-12-09T16:53:22.885" >
        <step title="Acquiring Deployment Lock" date="2025-12-09T16:53:22.914" /><!-- duration: 5ms -->
        <step title="Acquired Deployment Lock" date="2025-12-09T16:53:22.955" /><!-- duration: 5ms -->
      </step><!-- duration: 156ms -->
    </step><!-- duration: 179ms -->
    <step title="Outgoing response" date="2025-12-09T16:53:23.056" type="response" statusCode="202" statusText="Accepted" /><!-- duration: 7ms -->
  </step><!-- duration: 5909ms -->
