<step title="BackgroundTrace" date="2025-11-30T04:01:14.570" instance="c18970" url="/api/zipdeploy" method="POST" >
  <step title="Creating temporary deployment - FetchDeploymentManager" date="2025-11-30T04:01:14.831" /><!-- duration: 13ms -->
  <step title="Creating temporary deployment" date="2025-11-30T04:01:14.868" /><!-- duration: 759ms -->
  <step title="Performing fetch based deployment" date="2025-11-30T04:01:15.921" >
    <step title="Cleaning up temp folders from previous zip deployments and extracting pushed zip file /tmp/zipdeploy/abc7b25b-6f76-4c34-812a-c72ed886796d.zip (0.23 MB) to /tmp/zipdeploy/extracted" date="2025-11-30T04:01:17.537" >
      <step title="ChmodRecursive Process exited with total time taken in ms: 182" date="2025-11-30T04:01:18.049" /><!-- duration: 12ms -->
    </step><!-- duration: 533ms -->
    <step title="Deployment timer started" date="2025-11-30T04:01:20.109" >
      <step title="DeploymentManager.Deploy(id:c22fafc6-d181-491b-bf21-65050da210c7)" date="2025-11-30T04:01:20.135" >
        <step title="Collecting changeset information" date="2025-11-30T04:01:20.193" /><!-- duration: 213ms -->
        <step title="Updating submodules" date="2025-11-30T04:01:20.442" /><!-- duration: 1263ms -->
        <step title="Determining deployment builder" date="2025-11-30T04:01:22.119" >
          <step title="Builder is OryxBuilder" date="2025-11-30T04:01:22.160" /><!-- duration: 18ms -->
        </step><!-- duration: 74ms -->
        <step title="PreDeployment: context.CleanOutputPath False" date="2025-11-30T04:01:22.314" >
          <step title="PreDeployment: context.OutputPath /home/site/wwwroot" date="2025-11-30T04:01:22.532" >
            <step title="Building" date="2025-11-30T04:01:22.821" >
              <step title="Executing external process" date="2025-11-30T04:01:23.548" type="process" path="bash" arguments="-c &quot;oryx build /tmp/zipdeploy/extracted -o /home/site/wwwroot --platform python --platform-version 3.11 -p virtualenv_name=antenv --log-file /tmp/build-debug.log  -i /tmp/8de2fc51fd2cf5d --compress-destination-dir | tee /tmp/oryx-build.log ; exit $PIPESTATUS &quot;" >
                <step title="Cpu: python(1172,38.470s)+ts(1173,0.180s)+build.sh(1171,0.000s)+build.sh(1170,0.000s)+build.sh(1061,0.080s)+oryx(1041,7.000s)+tee(1042,0.000s)+bash(1040,0.020s)=total(45.740s)" date="2025-11-30T04:03:51.786" /><!-- duration: 37ms -->
                <step title="bash: no io activity for 61s, prev-cpu=-1.000s, current-cpu=45.740s" date="2025-11-30T04:03:51.889" /><!-- duration: 75ms -->
                <step title="Cpu: python(1172,75.630s)+ts(1173,0.190s)+build.sh(1171,0.000s)+build.sh(1170,0.000s)+build.sh(1061,0.080s)+oryx(1041,7.060s)+tee(1042,0.000s)+bash(1040,0.020s)=total(82.970s)" date="2025-11-30T04:04:52.338" /><!-- duration: 38ms -->
                <step title="bash: no io activity for 121s, prev-cpu=45.740s, current-cpu=82.970s" date="2025-11-30T04:04:52.404" /><!-- duration: 30ms -->
                <step title="Cpu: gzip(1287,38.220s)+sh(1286,0.000s)+tar(1285,3.550s)+build.sh(1061,0.080s)+oryx(1041,7.550s)+tee(1042,0.000s)+bash(1040,0.020s)=total(49.410s)" date="2025-11-30T04:06:24.933" /><!-- duration: 19ms -->
                <step title="bash: no io activity for 61s, prev-cpu=-1.000s, current-cpu=49.410s" date="2025-11-30T04:06:24.988" /><!-- duration: 47ms -->
              </step><!-- duration: 311346ms -->
              <step title="Using PythonDeploymentLogParser" date="2025-11-30T04:06:35.698" /><!-- duration: 9ms -->
              <step title="Triggering recycle (preview mode disabled)." date="2025-11-30T04:06:37.842" /><!-- duration: 16ms -->
              <step title="Modified file to trigger a restart of the app container." date="2025-11-30T04:06:37.927" /><!-- duration: 8ms -->
              <step title="Skip function trigger and logicapp sync because function is not enabled." date="2025-11-30T04:06:37.972" /><!-- duration: 14ms -->
            </step><!-- duration: 316700ms -->
          </step><!-- duration: 317006ms -->
          <step title="Cleaning up temp files" date="2025-11-30T04:06:39.545" /><!-- duration: 3995ms -->
          <step title="Cleaning up temp files" date="2025-11-30T04:06:43.554" /><!-- duration: 516ms -->
          <step title="Reloading status file with latest updates" date="2025-11-30T04:06:44.136" >
            <step title="WebHooksManager.PublishEventAsync: PostDeployment" date="2025-11-30T04:06:44.146" /><!-- duration: 141ms -->
          </step><!-- duration: 158ms -->
          <step title="Cleaning up temporary deployment - fetch deployment was successful" date="2025-11-30T04:06:44.306" /><!-- duration: 7ms -->
        </step><!-- duration: 322110ms -->
      </step><!-- duration: 324338ms -->
