<step title="BackgroundTrace" date="2025-11-29T19:48:53.338" instance="c18970" url="/api/zipdeploy" method="POST" >
  <step title="Creating temporary deployment - FetchDeploymentManager" date="2025-11-29T19:48:53.452" /><!-- duration: 7ms -->
  <step title="Creating temporary deployment" date="2025-11-29T19:48:53.471" /><!-- duration: 130ms -->
  <step title="Performing fetch based deployment" date="2025-11-29T19:48:53.747" >
    <step title="Cleaning up temp folders from previous zip deployments and extracting pushed zip file /tmp/zipdeploy/6af0f974-b898-4fb4-a696-29a7982ecf91.zip (0.23 MB) to /tmp/zipdeploy/extracted" date="2025-11-29T19:48:55.312" >
      <step title="ChmodRecursive Process exited with total time taken in ms: 215" date="2025-11-29T19:48:55.918" /><!-- duration: 18ms -->
    </step><!-- duration: 653ms -->
    <step title="Deployment timer started" date="2025-11-29T19:48:58.060" >
      <step title="DeploymentManager.Deploy(id:13506c56-8439-459d-a153-b115d93bf5e0)" date="2025-11-29T19:48:58.074" >
        <step title="Collecting changeset information" date="2025-11-29T19:48:58.099" /><!-- duration: 134ms -->
        <step title="Updating submodules" date="2025-11-29T19:48:58.246" /><!-- duration: 1215ms -->
        <step title="Determining deployment builder" date="2025-11-29T19:48:59.814" >
          <step title="Builder is OryxBuilder" date="2025-11-29T19:48:59.835" /><!-- duration: 8ms -->
        </step><!-- duration: 39ms -->
        <step title="PreDeployment: context.CleanOutputPath False" date="2025-11-29T19:48:59.940" >
          <step title="PreDeployment: context.OutputPath /home/site/wwwroot" date="2025-11-29T19:49:00.143" >
            <step title="Building" date="2025-11-29T19:49:00.421" >
              <step title="Executing external process" date="2025-11-29T19:49:00.874" type="process" path="bash" arguments="-c &quot;oryx build /tmp/zipdeploy/extracted -o /home/site/wwwroot --platform python --platform-version 3.11 -p virtualenv_name=antenv --log-file /tmp/build-debug.log  -i /tmp/8de2f80573539a5 --compress-destination-dir | tee /tmp/oryx-build.log ; exit $PIPESTATUS &quot;" >
                <step title="Cpu: python(925,32.080s)+ts(926,0.160s)+build.sh(924,0.000s)+build.sh(923,0.000s)+build.sh(821,0.070s)+oryx(797,7.790s)+tee(798,0.000s)+bash(796,0.010s)=total(40.110s)" date="2025-11-29T19:51:21.646" /><!-- duration: 61ms -->
                <step title="bash: no io activity for 60s, prev-cpu=-1.000s, current-cpu=40.110s" date="2025-11-29T19:51:21.791" /><!-- duration: 111ms -->
                <step title="Cpu: python(925,45.680s)+ts(926,0.160s)+build.sh(924,0.000s)+build.sh(923,0.000s)+build.sh(821,0.070s)+oryx(797,7.880s)+tee(798,0.000s)+bash(796,0.010s)=total(53.790s)" date="2025-11-29T19:52:23.862" /><!-- duration: 51ms -->
                <step title="bash: no io activity for 123s, prev-cpu=40.110s, current-cpu=53.790s" date="2025-11-29T19:52:24.029" /><!-- duration: 56ms -->
                <step title="Cpu: python(925,53.060s)+ts(926,0.160s)+build.sh(924,0.000s)+build.sh(923,0.000s)+build.sh(821,0.070s)+oryx(797,8.010s)+tee(798,0.000s)+bash(796,0.010s)=total(61.310s)" date="2025-11-29T19:53:25.268" /><!-- duration: 135ms -->
                <step title="bash: no io activity for 184s, prev-cpu=53.790s, current-cpu=61.310s" date="2025-11-29T19:53:25.705" /><!-- duration: 297ms -->
                <step title="Cpu: gzip(1082,27.430s)+sh(1081,0.000s)+tar(1080,2.410s)+build.sh(821,0.100s)+oryx(797,9.290s)+tee(798,0.000s)+bash(796,0.010s)=total(39.230s)" date="2025-11-29T19:56:13.699" /><!-- duration: 67ms -->
                <step title="bash: no io activity for 61s, prev-cpu=-1.000s, current-cpu=39.230s" date="2025-11-29T19:56:13.827" /><!-- duration: 19ms -->
              </step><!-- duration: 471941ms -->
              <step title="Using PythonDeploymentLogParser" date="2025-11-29T19:56:53.664" /><!-- duration: 11ms -->
              <step title="Triggering recycle (preview mode disabled)." date="2025-11-29T19:56:55.898" /><!-- duration: 12ms -->
              <step title="Modified file to trigger a restart of the app container." date="2025-11-29T19:56:56.009" /><!-- duration: 18ms -->
              <step title="Skip function trigger and logicapp sync because function is not enabled." date="2025-11-29T19:56:56.070" /><!-- duration: 9ms -->
            </step><!-- duration: 476787ms -->
          </step><!-- duration: 477094ms -->
          <step title="Cleaning up temp files" date="2025-11-29T19:56:57.245" /><!-- duration: 3693ms -->
          <step title="Cleaning up temp files" date="2025-11-29T19:57:00.951" /><!-- duration: 513ms -->
          <step title="Reloading status file with latest updates" date="2025-11-29T19:57:01.529" >
            <step title="WebHooksManager.PublishEventAsync: PostDeployment" date="2025-11-29T19:57:01.542" /><!-- duration: 195ms -->
          </step><!-- duration: 215ms -->
          <step title="Cleaning up temporary deployment - fetch deployment was successful" date="2025-11-29T19:57:01.779" /><!-- duration: 8ms -->
        </step><!-- duration: 481991ms -->
      </step><!-- duration: 483959ms -->
