<step title="BackgroundTrace" date="2025-11-30T06:20:57.524" instance="c18970" url="/api/zipdeploy" method="POST" >
  <step title="Creating temporary deployment - FetchDeploymentManager" date="2025-11-30T06:20:57.731" /><!-- duration: 6ms -->
  <step title="Creating temporary deployment" date="2025-11-30T06:20:57.757" /><!-- duration: 362ms -->
  <step title="Performing fetch based deployment" date="2025-11-30T06:20:58.298" >
    <step title="Cleaning up temp folders from previous zip deployments and extracting pushed zip file /tmp/zipdeploy/e74f7f1f-e527-4e24-b214-b3ed210c2909.zip (0.23 MB) to /tmp/zipdeploy/extracted" date="2025-11-30T06:20:59.748" >
      <step title="ChmodRecursive Process exited with total time taken in ms: 155" date="2025-11-30T06:21:00.271" /><!-- duration: 9ms -->
    </step><!-- duration: 554ms -->
    <step title="Deployment timer started" date="2025-11-30T06:21:02.350" >
      <step title="DeploymentManager.Deploy(id:113b276c-0682-4ba8-b919-a3350fe73f44)" date="2025-11-30T06:21:02.388" >
        <step title="Collecting changeset information" date="2025-11-30T06:21:02.483" /><!-- duration: 167ms -->
        <step title="Updating submodules" date="2025-11-30T06:21:02.662" /><!-- duration: 1235ms -->
        <step title="Determining deployment builder" date="2025-11-30T06:21:04.320" >
          <step title="Builder is OryxBuilder" date="2025-11-30T06:21:04.348" /><!-- duration: 14ms -->
        </step><!-- duration: 50ms -->
        <step title="PreDeployment: context.CleanOutputPath False" date="2025-11-30T06:21:04.483" >
          <step title="PreDeployment: context.OutputPath /home/site/wwwroot" date="2025-11-30T06:21:04.769" >
            <step title="Building" date="2025-11-30T06:21:05.080" >
              <step title="Executing external process" date="2025-11-30T06:21:05.754" type="process" path="bash" arguments="-c &quot;oryx build /tmp/zipdeploy/extracted -o /home/site/wwwroot --platform python --platform-version 3.11 -p virtualenv_name=antenv --log-file /tmp/build-debug.log  -i /tmp/8de2fd8a3fc63e4 --compress-destination-dir | tee /tmp/oryx-build.log ; exit $PIPESTATUS &quot;" >
                <step title="Cpu: python(2744,25.570s)+ts(2745,0.170s)+build.sh(2743,0.000s)+build.sh(2742,0.000s)+build.sh(2659,0.060s)+oryx(2637,5.430s)+tee(2638,0.000s)+bash(2636,0.000s)=total(31.210s)" date="2025-11-30T06:22:37.444" /><!-- duration: 175ms -->
                <step title="bash: no io activity for 60s, prev-cpu=-1.000s, current-cpu=31.210s" date="2025-11-30T06:22:37.819" /><!-- duration: 57ms -->
                <step title="Cpu: python(2744,60.940s)+ts(2745,0.170s)+build.sh(2743,0.000s)+build.sh(2742,0.000s)+build.sh(2659,0.060s)+oryx(2637,5.590s)+tee(2638,0.000s)+bash(2636,0.000s)=total(66.670s)" date="2025-11-30T06:23:38.638" /><!-- duration: 45ms -->
                <step title="bash: no io activity for 122s, prev-cpu=31.210s, current-cpu=66.670s" date="2025-11-30T06:23:38.814" /><!-- duration: 41ms -->
                <step title="Cpu: gzip(2839,26.030s)+sh(2838,0.000s)+tar(2837,2.120s)+build.sh(2659,0.070s)+oryx(2637,6.090s)+tee(2638,0.000s)+bash(2636,0.000s)=total(34.310s)" date="2025-11-30T06:25:56.339" /><!-- duration: 202ms -->
                <step title="bash: no io activity for 60s, prev-cpu=-1.000s, current-cpu=34.310s" date="2025-11-30T06:25:56.627" /><!-- duration: 83ms -->
              </step><!-- duration: 337140ms -->
              <step title="Using PythonDeploymentLogParser" date="2025-11-30T06:26:43.758" /><!-- duration: 9ms -->
              <step title="Triggering recycle (preview mode disabled)." date="2025-11-30T06:26:45.743" /><!-- duration: 18ms -->
              <step title="Modified file to trigger a restart of the app container." date="2025-11-30T06:26:45.833" /><!-- duration: 9ms -->
              <step title="Skip function trigger and logicapp sync because function is not enabled." date="2025-11-30T06:26:45.869" /><!-- duration: 14ms -->
            </step><!-- duration: 342867ms -->
          </step><!-- duration: 343209ms -->
          <step title="Cleaning up temp files" date="2025-11-30T06:26:47.991" /><!-- duration: 8152ms -->
          <step title="Cleaning up temp files" date="2025-11-30T06:26:56.194" /><!-- duration: 528ms -->
          <step title="Reloading status file with latest updates" date="2025-11-30T06:26:56.938" >
            <step title="WebHooksManager.PublishEventAsync: PostDeployment" date="2025-11-30T06:26:56.968" /><!-- duration: 240ms -->
          </step><!-- duration: 299ms -->
          <step title="Cleaning up temporary deployment - fetch deployment was successful" date="2025-11-30T06:26:57.297" /><!-- duration: 77ms -->
        </step><!-- duration: 353093ms -->
      </step><!-- duration: 355804ms -->
