<step title="BackgroundTrace" date="2025-12-01T08:13:11.955" instance="c18970" url="/api/zipdeploy" method="POST" >
  <step title="Creating temporary deployment - FetchDeploymentManager" date="2025-12-01T08:13:12.113" /><!-- duration: 6ms -->
  <step title="Creating temporary deployment" date="2025-12-01T08:13:12.133" /><!-- duration: 216ms -->
  <step title="Performing fetch based deployment" date="2025-12-01T08:13:12.514" >
    <step title="Cleaning up temp folders from previous zip deployments and extracting pushed zip file /tmp/zipdeploy/85ec5786-81f4-4605-ba30-6ee833c864f3.zip (0.24 MB) to /tmp/zipdeploy/extracted" date="2025-12-01T08:13:13.803" >
      <step title="ChmodRecursive Process exited with total time taken in ms: 136" date="2025-12-01T08:13:14.324" /><!-- duration: 9ms -->
    </step><!-- duration: 549ms -->
    <step title="Deployment timer started" date="2025-12-01T08:13:16.387" >
      <step title="DeploymentManager.Deploy(id:be650c4f-e259-4ef9-97ed-a3b1e70862e6)" date="2025-12-01T08:13:16.401" >
        <step title="Collecting changeset information" date="2025-12-01T08:13:16.452" /><!-- duration: 198ms -->
        <step title="Updating submodules" date="2025-12-01T08:13:16.663" /><!-- duration: 1250ms -->
        <step title="Determining deployment builder" date="2025-12-01T08:13:18.319" >
          <step title="Builder is OryxBuilder" date="2025-12-01T08:13:18.348" /><!-- duration: 8ms -->
        </step><!-- duration: 46ms -->
        <step title="PreDeployment: context.CleanOutputPath False" date="2025-12-01T08:13:18.502" >
          <step title="PreDeployment: context.OutputPath /home/site/wwwroot" date="2025-12-01T08:13:18.769" >
            <step title="Building" date="2025-12-01T08:13:19.097" >
              <step title="Executing external process" date="2025-12-01T08:13:19.701" type="process" path="bash" arguments="-c &quot;oryx build /tmp/zipdeploy/extracted -o /home/site/wwwroot --platform python --platform-version 3.11 -p virtualenv_name=antenv --log-file /tmp/build-debug.log  -i /tmp/8de30b17c2bde86 --compress-destination-dir | tee /tmp/oryx-build.log ; exit $PIPESTATUS &quot;" >
                <step title="Cpu: python(21905,34.520s)+ts(21906,0.140s)+build.sh(21904,0.000s)+build.sh(21903,0.000s)+build.sh(21820,0.060s)+oryx(21799,3.990s)+tee(21800,0.000s)+bash(21798,0.000s)=total(38.700s)" date="2025-12-01T08:14:47.232" /><!-- duration: 29ms -->
                <step title="bash: no io activity for 60s, prev-cpu=-1.000s, current-cpu=38.700s" date="2025-12-01T08:14:47.285" /><!-- duration: 54ms -->
                <step title="Cpu: python(21905,73.240s)+ts(21906,0.140s)+build.sh(21904,0.000s)+build.sh(21903,0.000s)+build.sh(21820,0.060s)+oryx(21799,4.240s)+tee(21800,0.000s)+bash(21798,0.000s)=total(77.680s)" date="2025-12-01T08:15:47.644" /><!-- duration: 36ms -->
                <step title="bash: no io activity for 121s, prev-cpu=38.700s, current-cpu=77.680s" date="2025-12-01T08:15:47.709" /><!-- duration: 20ms -->
                <step title="Cpu: gzip(21975,30.820s)+sh(21974,0.000s)+tar(21973,2.650s)+build.sh(21820,0.070s)+oryx(21799,4.740s)+tee(21800,0.000s)+bash(21798,0.000s)=total(38.250s)" date="2025-12-01T08:17:26.982" /><!-- duration: 102ms -->
                <step title="bash: no io activity for 61s, prev-cpu=-1.000s, current-cpu=38.250s" date="2025-12-01T08:17:27.237" /><!-- duration: 93ms -->
              </step><!-- duration: 290536ms -->
              <step title="Using PythonDeploymentLogParser" date="2025-12-01T08:18:11.609" /><!-- duration: 30ms -->
              <step title="Triggering recycle (preview mode disabled)." date="2025-12-01T08:18:15.795" /><!-- duration: 35ms -->
              <step title="Modified file to trigger a restart of the app container." date="2025-12-01T08:18:15.949" /><!-- duration: 11ms -->
              <step title="Skip function trigger and logicapp sync because function is not enabled." date="2025-12-01T08:18:15.987" /><!-- duration: 35ms -->
            </step><!-- duration: 299308ms -->
          </step><!-- duration: 299651ms -->
          <step title="Cleaning up temp files" date="2025-12-01T08:18:18.428" /><!-- duration: 3923ms -->
          <step title="Cleaning up temp files" date="2025-12-01T08:18:22.391" /><!-- duration: 549ms -->
          <step title="Reloading status file with latest updates" date="2025-12-01T08:18:23.071" >
            <step title="WebHooksManager.PublishEventAsync: PostDeployment" date="2025-12-01T08:18:23.092" /><!-- duration: 472ms -->
          </step><!-- duration: 514ms -->
          <step title="Cleaning up temporary deployment - fetch deployment was successful" date="2025-12-01T08:18:23.633" /><!-- duration: 34ms -->
        </step><!-- duration: 305459ms -->
      </step><!-- duration: 307666ms -->
