<step title="Incoming Request" date="2025-12-02T05:50:34.772" instance="c18970" url="/api/publish?type=zip&amp;async=True" method="POST" type="request" pid="770,1,7" Accept="*/*" Host="cocoatrack-api-20251129203507.scm.azurewebsites.net" User-Agent="AZURECLI/2.80.0 (MSI)" Accept-Encoding="gzip, deflate" Authorization="Bea..." Cache-Control="no-cache" Content-Type="application/octet-stream" Cookie="ARRAffinity=c1897021b9d0890aa7303bfdb1ba16dd5b9307bc22fe230a5624c152b0f71711; ARRAffinitySameSite=c1897021b9d0890aa7303bfdb1ba16dd5b9307bc22fe230a5624c152b0f71711" Content-Length="251835" x-ms-client-request-id="c08fd040-cf42-11f0-bbe3-70cf494b569b" x-ms-artifact-checksum="a380ec6e9fd48d0a67c8b5722cb3be31cec113d35fe0a4e821e0df4a19dcd8b2" X-ARR-LOG-ID="c08fd040-cf42-11f0-bbe3-70cf494b569b" CLIENT-IP="102.244.222.253:29537" X-SITE-DEPLOYMENT-ID="cocoatrack-api-20251129203507" WAS-DEFAULT-HOSTNAME="cocoatrack-api-20251129203507.scm.azurewebsites.net" X-Forwarded-Proto="https" X-AppService-Proto="https" X-Forwarded-TlsVersion="1.3" X-WAWS-Unencoded-URL="/api/publish?type=zip&amp;async=True" X-Client-IP="102.244.222.253" X-Client-Port="29537" >
  <step title="Cleanup Xml Logs" date="2025-12-02T05:50:34.778" >
    <step title="Cleanup Infos" date="2025-12-02T05:50:34.846" totalFiles="459" totalCleanup="299" /><!-- duration: 12ms -->
  </step><!-- duration: 87ms -->
  <step title="OneDeploy" date="2025-12-02T05:50:34.992" >
    <step title="None repository commit" date="2025-12-02T05:50:35.012" >
      <step title="Commit id: ce5524d3-515d-4355-9fae-41fc17e29f56" date="2025-12-02T05:50:35.019" Message="N/A" AuthorName="N/A" AuthorEmail="N/A" /><!-- duration: 7ms -->
    </step><!-- duration: 22ms -->
    <step title="Starting PushDeployAsync" date="2025-12-02T05:50:35.042" /><!-- duration: 7ms -->
    <step title="Writing artifact to /tmp/zipdeploy/1403d9b2-91b0-4fc1-bef4-17ed22bae291.zip" date="2025-12-02T05:50:35.089" >
      <step title="Writing multipart request body to /tmp/zipdeploy/1403d9b2-91b0-4fc1-bef4-17ed22bae291.zip" date="2025-12-02T05:50:35.099" /><!-- duration: 13ms -->
    </step><!-- duration: 712ms -->
    <step title="Removing previous build artifact&apos;s manifest file" date="2025-12-02T05:50:35.822" >
      <step title="Start deployment in the background" date="2025-12-02T05:50:35.907" >
        <step title="Acquiring Deployment Lock" date="2025-12-02T05:50:35.934" /><!-- duration: 17ms -->
        <step title="Acquired Deployment Lock" date="2025-12-02T05:50:36.007" /><!-- duration: 18ms -->
      </step><!-- duration: 280ms -->
    </step><!-- duration: 376ms -->
    <step title="Outgoing response" date="2025-12-02T05:50:36.218" type="response" statusCode="202" statusText="Accepted" /><!-- duration: 23ms -->
  </step><!-- duration: 1256ms -->
