<step title="BackgroundTrace" date="2025-11-30T04:34:13.681" instance="c18970" url="/api/zipdeploy" method="POST" >
  <step title="Creating temporary deployment - FetchDeploymentManager" date="2025-11-30T04:34:13.880" /><!-- duration: 6ms -->
  <step title="Creating temporary deployment" date="2025-11-30T04:34:13.898" /><!-- duration: 137ms -->
  <step title="Performing fetch based deployment" date="2025-11-30T04:34:14.169" >
    <step title="Cleaning up temp folders from previous zip deployments and extracting pushed zip file /tmp/zipdeploy/77f3bd17-c91c-4189-9fd7-2e19f54aeace.zip (0.23 MB) to /tmp/zipdeploy/extracted" date="2025-11-30T04:34:15.585" >
      <step title="ChmodRecursive Process exited with total time taken in ms: 192" date="2025-11-30T04:34:16.037" /><!-- duration: 22ms -->
    </step><!-- duration: 484ms -->
    <step title="Deployment timer started" date="2025-11-30T04:34:18.127" >
      <step title="DeploymentManager.Deploy(id:e88c4a4c-ff49-44cd-94ce-74301964eb33)" date="2025-11-30T04:34:18.167" >
        <step title="Collecting changeset information" date="2025-11-30T04:34:18.236" /><!-- duration: 190ms -->
        <step title="Updating submodules" date="2025-11-30T04:34:18.445" /><!-- duration: 1334ms -->
        <step title="Determining deployment builder" date="2025-11-30T04:34:20.280" >
          <step title="Builder is OryxBuilder" date="2025-11-30T04:34:20.319" /><!-- duration: 7ms -->
        </step><!-- duration: 57ms -->
        <step title="PreDeployment: context.CleanOutputPath False" date="2025-11-30T04:34:20.433" >
          <step title="PreDeployment: context.OutputPath /home/site/wwwroot" date="2025-11-30T04:34:20.673" >
            <step title="Building" date="2025-11-30T04:34:20.992" >
              <step title="Executing external process" date="2025-11-30T04:34:21.610" type="process" path="bash" arguments="-c &quot;oryx build /tmp/zipdeploy/extracted -o /home/site/wwwroot --platform python --platform-version 3.11 -p virtualenv_name=antenv --log-file /tmp/build-debug.log  -i /tmp/8de2fc9bae38d19 --compress-destination-dir | tee /tmp/oryx-build.log ; exit $PIPESTATUS &quot;" >
                <step title="Cpu: python(1208,39.910s)+ts(1209,0.180s)+build.sh(1207,0.000s)+build.sh(1206,0.000s)+build.sh(1105,0.100s)+oryx(1082,7.160s)+tee(1083,0.010s)+bash(1081,0.000s)=total(47.340s)" date="2025-11-30T04:36:24.521" /><!-- duration: 21ms -->
                <step title="bash: no io activity for 61s, prev-cpu=-1.000s, current-cpu=47.340s" date="2025-11-30T04:36:24.599" /><!-- duration: 104ms -->
                <step title="Cpu: gzip(1331,33.310s)+sh(1330,0.000s)+tar(1329,2.970s)+build.sh(1105,0.120s)+oryx(1082,7.830s)+tee(1083,0.010s)+bash(1081,0.000s)=total(44.190s)" date="2025-11-30T04:39:33.277" /><!-- duration: 28ms -->
                <step title="bash: no io activity for 60s, prev-cpu=-1.000s, current-cpu=44.190s" date="2025-11-30T04:39:33.351" /><!-- duration: 32ms -->
              </step><!-- duration: 329674ms -->
              <step title="Using PythonDeploymentLogParser" date="2025-11-30T04:39:52.217" /><!-- duration: 21ms -->
              <step title="Triggering recycle (preview mode disabled)." date="2025-11-30T04:39:54.541" /><!-- duration: 19ms -->
              <step title="Modified file to trigger a restart of the app container." date="2025-11-30T04:39:54.620" /><!-- duration: 9ms -->
              <step title="Skip function trigger and logicapp sync because function is not enabled." date="2025-11-30T04:39:54.674" /><!-- duration: 31ms -->
            </step><!-- duration: 335778ms -->
          </step><!-- duration: 336112ms -->
          <step title="Cleaning up temp files" date="2025-11-30T04:39:56.794" /><!-- duration: 16761ms -->
          <step title="Cleaning up temp files" date="2025-11-30T04:40:13.601" /><!-- duration: 532ms -->
          <step title="Reloading status file with latest updates" date="2025-11-30T04:40:14.349" >
            <step title="WebHooksManager.PublishEventAsync: PostDeployment" date="2025-11-30T04:40:14.493" /><!-- duration: 454ms -->
          </step><!-- duration: 637ms -->
          <step title="Cleaning up temporary deployment - fetch deployment was successful" date="2025-11-30T04:40:15.024" /><!-- duration: 20ms -->
        </step><!-- duration: 354765ms -->
      </step><!-- duration: 357138ms -->
