<step title="BackgroundTrace" date="2025-12-01T08:52:36.217" instance="c18970" url="/api/zipdeploy" method="POST" >
  <step title="Creating temporary deployment - FetchDeploymentManager" date="2025-12-01T08:52:36.328" /><!-- duration: 6ms -->
  <step title="Creating temporary deployment" date="2025-12-01T08:52:36.345" /><!-- duration: 163ms -->
  <step title="Performing fetch based deployment" date="2025-12-01T08:52:36.587" >
    <step title="Cleaning up temp folders from previous zip deployments and extracting pushed zip file /tmp/zipdeploy/eccbc97c-47ba-47de-ba9d-0dc9ed077ee2.zip (0.24 MB) to /tmp/zipdeploy/extracted" date="2025-12-01T08:52:37.998" >
      <step title="ChmodRecursive Process exited with total time taken in ms: 188" date="2025-12-01T08:52:38.452" /><!-- duration: 11ms -->
    </step><!-- duration: 484ms -->
    <step title="Deployment timer started" date="2025-12-01T08:52:40.557" >
      <step title="DeploymentManager.Deploy(id:0c53a262-44ce-426e-8e46-6aaa471de104)" date="2025-12-01T08:52:40.587" >
        <step title="Collecting changeset information" date="2025-12-01T08:52:40.631" /><!-- duration: 196ms -->
        <step title="Updating submodules" date="2025-12-01T08:52:40.840" /><!-- duration: 1274ms -->
        <step title="Determining deployment builder" date="2025-12-01T08:52:42.658" >
          <step title="Builder is OryxBuilder" date="2025-12-01T08:52:42.724" /><!-- duration: 13ms -->
        </step><!-- duration: 87ms -->
        <step title="PreDeployment: context.CleanOutputPath False" date="2025-12-01T08:52:42.903" >
          <step title="PreDeployment: context.OutputPath /home/site/wwwroot" date="2025-12-01T08:52:43.189" >
            <step title="Building" date="2025-12-01T08:52:43.467" >
              <step title="Executing external process" date="2025-12-01T08:52:44.107" type="process" path="bash" arguments="-c &quot;oryx build /tmp/zipdeploy/extracted -o /home/site/wwwroot --platform python --platform-version 3.11 -p virtualenv_name=antenv --log-file /tmp/build-debug.log  -i /tmp/8de30b6fd7471bc --compress-destination-dir | tee /tmp/oryx-build.log ; exit $PIPESTATUS &quot;" >
                <step title="Cpu: python(22796,32.520s)+ts(22797,0.120s)+build.sh(22795,0.000s)+build.sh(22794,0.000s)+build.sh(22710,0.070s)+oryx(22690,4.110s)+tee(22691,0.000s)+bash(22689,0.000s)=total(36.820s)" date="2025-12-01T08:54:14.663" /><!-- duration: 37ms -->
                <step title="bash: no io activity for 60s, prev-cpu=-1.000s, current-cpu=36.820s" date="2025-12-01T08:54:14.730" /><!-- duration: 32ms -->
                <step title="Cpu: python(22796,60.920s)+ts(22797,0.120s)+build.sh(22795,0.000s)+build.sh(22794,0.000s)+build.sh(22710,0.070s)+oryx(22690,4.370s)+tee(22691,0.000s)+bash(22689,0.000s)=total(65.460s)" date="2025-12-01T08:55:15.199" /><!-- duration: 27ms -->
                <step title="bash: no io activity for 121s, prev-cpu=36.820s, current-cpu=65.460s" date="2025-12-01T08:55:15.257" /><!-- duration: 66ms -->
                <step title="Cpu: gzip(22895,25.870s)+sh(22894,0.000s)+tar(22893,2.100s)+build.sh(22710,0.080s)+oryx(22690,5.010s)+tee(22691,0.010s)+bash(22689,0.000s)=total(33.050s)" date="2025-12-01T08:57:54.508" /><!-- duration: 46ms -->
                <step title="bash: no io activity for 60s, prev-cpu=-1.000s, current-cpu=33.050s" date="2025-12-01T08:57:54.603" /><!-- duration: 188ms -->
              </step><!-- duration: 353612ms -->
              <step title="Using PythonDeploymentLogParser" date="2025-12-01T08:58:38.586" /><!-- duration: 7ms -->
              <step title="Triggering recycle (preview mode disabled)." date="2025-12-01T08:58:41.814" /><!-- duration: 15ms -->
              <step title="Modified file to trigger a restart of the app container." date="2025-12-01T08:58:41.904" /><!-- duration: 12ms -->
              <step title="Skip function trigger and logicapp sync because function is not enabled." date="2025-12-01T08:58:41.941" /><!-- duration: 24ms -->
              <step title="Purge deployment items" date="2025-12-01T08:58:44.238" >
                <step title="Remove 98cce32c-, Success, received at 11/29/2025 20:14:53" date="2025-12-01T08:58:44.407" /><!-- duration: 9ms -->
              </step><!-- duration: 187ms -->
            </step><!-- duration: 361083ms -->
          </step><!-- duration: 361372ms -->
          <step title="Cleaning up temp files" date="2025-12-01T08:58:44.573" /><!-- duration: 6630ms -->
          <step title="Cleaning up temp files" date="2025-12-01T08:58:51.216" /><!-- duration: 548ms -->
          <step title="Reloading status file with latest updates" date="2025-12-01T08:58:51.951" >
            <step title="WebHooksManager.PublishEventAsync: PostDeployment" date="2025-12-01T08:58:51.980" /><!-- duration: 443ms -->
          </step><!-- duration: 492ms -->
          <step title="Cleaning up temporary deployment - fetch deployment was successful" date="2025-12-01T08:58:52.616" /><!-- duration: 35ms -->
        </step><!-- duration: 370150ms -->
      </step><!-- duration: 372796ms -->
