<step title="BackgroundTrace" date="2025-12-01T09:08:09.538" instance="c18970" url="/api/zipdeploy" method="POST" >
  <step title="Creating temporary deployment - FetchDeploymentManager" date="2025-12-01T09:08:09.672" /><!-- duration: 6ms -->
  <step title="Creating temporary deployment" date="2025-12-01T09:08:09.693" /><!-- duration: 125ms -->
  <step title="Performing fetch based deployment" date="2025-12-01T09:08:09.898" >
    <step title="Cleaning up temp folders from previous zip deployments and extracting pushed zip file /tmp/zipdeploy/0000f7ab-e952-4ef1-a7a9-98a75d68bb75.zip (0.24 MB) to /tmp/zipdeploy/extracted" date="2025-12-01T09:08:11.417" >
      <step title="ChmodRecursive Process exited with total time taken in ms: 395" date="2025-12-01T09:08:12.123" /><!-- duration: 8ms -->
    </step><!-- duration: 723ms -->
    <step title="Deployment timer started" date="2025-12-01T09:08:14.182" >
      <step title="DeploymentManager.Deploy(id:4e5da43d-3b34-4b30-a057-574eac30a6b2)" date="2025-12-01T09:08:14.201" >
        <step title="Collecting changeset information" date="2025-12-01T09:08:14.262" /><!-- duration: 207ms -->
        <step title="Updating submodules" date="2025-12-01T09:08:14.486" /><!-- duration: 1231ms -->
        <step title="Determining deployment builder" date="2025-12-01T09:08:16.248" >
          <step title="Builder is OryxBuilder" date="2025-12-01T09:08:16.289" /><!-- duration: 7ms -->
        </step><!-- duration: 58ms -->
        <step title="PreDeployment: context.CleanOutputPath False" date="2025-12-01T09:08:16.418" >
          <step title="PreDeployment: context.OutputPath /home/site/wwwroot" date="2025-12-01T09:08:16.641" >
            <step title="Building" date="2025-12-01T09:08:17.001" >
              <step title="Executing external process" date="2025-12-01T09:08:17.703" type="process" path="bash" arguments="-c &quot;oryx build /tmp/zipdeploy/extracted -o /home/site/wwwroot --platform python --platform-version 3.11 -p virtualenv_name=antenv --log-file /tmp/build-debug.log  -i /tmp/8de30b929e6b1bd --compress-destination-dir | tee /tmp/oryx-build.log ; exit $PIPESTATUS &quot;" >
                <step title="Cpu: python(23182,37.510s)+ts(23183,0.200s)+build.sh(23181,0.000s)+build.sh(23180,0.000s)+build.sh(23099,0.070s)+oryx(23077,5.470s)+tee(23078,0.000s)+bash(23076,0.000s)=total(43.250s)" date="2025-12-01T09:09:49.226" /><!-- duration: 28ms -->
                <step title="bash: no io activity for 60s, prev-cpu=-1.000s, current-cpu=43.250s" date="2025-12-01T09:09:49.304" /><!-- duration: 35ms -->
                <step title="Cpu: gzip(23246,35.650s)+sh(23245,0.000s)+tar(23244,3.180s)+build.sh(23099,0.080s)+oryx(23077,6.040s)+tee(23078,0.010s)+bash(23076,0.000s)=total(44.930s)" date="2025-12-01T09:12:22.088" /><!-- duration: 50ms -->
                <step title="bash: no io activity for 61s, prev-cpu=-1.000s, current-cpu=44.930s" date="2025-12-01T09:12:22.198" /><!-- duration: 58ms -->
              </step><!-- duration: 278386ms -->
              <step title="Using PythonDeploymentLogParser" date="2025-12-01T09:12:57.855" /><!-- duration: 77ms -->
              <step title="Triggering recycle (preview mode disabled)." date="2025-12-01T09:13:00.651" /><!-- duration: 24ms -->
              <step title="Modified file to trigger a restart of the app container." date="2025-12-01T09:13:00.739" /><!-- duration: 8ms -->
              <step title="Skip function trigger and logicapp sync because function is not enabled." date="2025-12-01T09:13:00.758" /><!-- duration: 29ms -->
              <step title="Purge deployment items" date="2025-12-01T09:13:03.191" >
                <step title="Remove 8f7eae41-, Success, received at 11/29/2025 21:11:15" date="2025-12-01T09:13:03.373" /><!-- duration: 10ms -->
              </step><!-- duration: 203ms -->
            </step><!-- duration: 286576ms -->
          </step><!-- duration: 286966ms -->
          <step title="Cleaning up temp files" date="2025-12-01T09:13:03.622" /><!-- duration: 19616ms -->
          <step title="Cleaning up temp files" date="2025-12-01T09:13:23.266" /><!-- duration: 552ms -->
          <step title="Reloading status file with latest updates" date="2025-12-01T09:13:23.945" >
            <step title="WebHooksManager.PublishEventAsync: PostDeployment" date="2025-12-01T09:13:24.014" /><!-- duration: 461ms -->
          </step><!-- duration: 666ms -->
          <step title="Cleaning up temporary deployment - fetch deployment was successful" date="2025-12-01T09:13:24.680" /><!-- duration: 46ms -->
        </step><!-- duration: 308579ms -->
      </step><!-- duration: 310958ms -->
