<step title="BackgroundTrace" date="2025-12-01T08:38:29.608" instance="c18970" url="/api/zipdeploy" method="POST" >
  <step title="Creating temporary deployment - FetchDeploymentManager" date="2025-12-01T08:38:29.793" /><!-- duration: 6ms -->
  <step title="Creating temporary deployment" date="2025-12-01T08:38:29.814" /><!-- duration: 134ms -->
  <step title="Performing fetch based deployment" date="2025-12-01T08:38:30.046" >
    <step title="Cleaning up temp folders from previous zip deployments and extracting pushed zip file /tmp/zipdeploy/479dd9d7-6688-4432-a45a-e2fc3f44a96f.zip (0.24 MB) to /tmp/zipdeploy/extracted" date="2025-12-01T08:38:31.373" >
      <step title="ChmodRecursive Process exited with total time taken in ms: 135" date="2025-12-01T08:38:31.819" /><!-- duration: 14ms -->
    </step><!-- duration: 468ms -->
    <step title="Deployment timer started" date="2025-12-01T08:38:33.878" >
      <step title="DeploymentManager.Deploy(id:a850d8a8-81a1-4fa1-8406-6a1c0b2dad44)" date="2025-12-01T08:38:33.916" >
        <step title="Collecting changeset information" date="2025-12-01T08:38:33.970" /><!-- duration: 232ms -->
        <step title="Updating submodules" date="2025-12-01T08:38:34.219" /><!-- duration: 1334ms -->
        <step title="Determining deployment builder" date="2025-12-01T08:38:36.026" >
          <step title="Builder is OryxBuilder" date="2025-12-01T08:38:36.069" /><!-- duration: 27ms -->
        </step><!-- duration: 84ms -->
        <step title="PreDeployment: context.CleanOutputPath False" date="2025-12-01T08:38:36.380" >
          <step title="PreDeployment: context.OutputPath /home/site/wwwroot" date="2025-12-01T08:38:36.654" >
            <step title="Building" date="2025-12-01T08:38:37.015" >
              <step title="Executing external process" date="2025-12-01T08:38:37.917" type="process" path="bash" arguments="-c &quot;oryx build /tmp/zipdeploy/extracted -o /home/site/wwwroot --platform python --platform-version 3.11 -p virtualenv_name=antenv --log-file /tmp/build-debug.log  -i /tmp/8de30b504daeb7f --compress-destination-dir | tee /tmp/oryx-build.log ; exit $PIPESTATUS &quot;" >
                <step title="Error occurred" date="2025-12-01T08:40:14.936" type="error" text="GetParentProcessLinux (22445) failed.: Could not find a part of the path &apos;/proc/22445/stat&apos;." stackTrace="   at Interop.ThrowExceptionForIoErrno(ErrorInfo errorInfo, String path, Boolean isDirError)
   at Microsoft.Win32.SafeHandles.SafeFileHandle.Open(String fullPath, FileMode mode, FileAccess access, FileShare share, FileOptions options, Int64 preallocationSize, UnixFileMode openPermissions, Int64&amp; fileLength, UnixFileMode&amp; filePermissions, Boolean failForSymlink, Boolean&amp; wasSymlink, Func`4 createOpenException)
   at System.IO.Strategies.OSFileStreamStrategy..ctor(String path, FileMode mode, FileAccess access, FileShare share, FileOptions options, Int64 preallocationSize, Nullable`1 unixCreateMode)
   at Kudu.Core.Infrastructure.ProcessExtensions.GetParentProcessLinux(Process process, ITracer tracer) in /tmp/KuduLite/Kudu.Core/Infrastructure/ProcessExtensions.cs:line 153" /><!-- duration: 80ms -->
                <step title="Cpu: python(22422,37.140s)+ts(22423,0.120s)+build.sh(22421,0.000s)+build.sh(22420,0.000s)+build.sh(22335,0.080s)+oryx(22313,5.130s)+tee(22314,0.000s)+bash(22312,0.000s)=total(42.470s)" date="2025-12-01T08:40:15.236" /><!-- duration: 47ms -->
                <step title="bash: no io activity for 61s, prev-cpu=-1.000s, current-cpu=42.470s" date="2025-12-01T08:40:15.403" /><!-- duration: 99ms -->
                <step title="Cpu: gzip(22492,28.950s)+sh(22491,0.000s)+tar(22489,2.310s)+build.sh(22335,0.090s)+oryx(22313,5.670s)+tee(22314,0.000s)+bash(22312,0.000s)=total(37.000s)" date="2025-12-01T08:42:38.632" /><!-- duration: 94ms -->
                <step title="bash: no io activity for 61s, prev-cpu=-1.000s, current-cpu=37.000s" date="2025-12-01T08:42:38.802" /><!-- duration: 114ms -->
              </step><!-- duration: 272789ms -->
              <step title="Using PythonDeploymentLogParser" date="2025-12-01T08:43:11.724" /><!-- duration: 15ms -->
              <step title="Triggering recycle (preview mode disabled)." date="2025-12-01T08:43:14.156" /><!-- duration: 54ms -->
              <step title="Modified file to trigger a restart of the app container." date="2025-12-01T08:43:14.328" /><!-- duration: 20ms -->
              <step title="Skip function trigger and logicapp sync because function is not enabled." date="2025-12-01T08:43:14.395" /><!-- duration: 30ms -->
              <step title="Purge deployment items" date="2025-12-01T08:43:16.492" >
                <step title="Remove 13506c56-, Success, received at 11/29/2025 19:48:58" date="2025-12-01T08:43:16.628" /><!-- duration: 8ms -->
              </step><!-- duration: 153ms -->
            </step><!-- duration: 279798ms -->
          </step><!-- duration: 280172ms -->
          <step title="Cleaning up temp files" date="2025-12-01T08:43:16.836" /><!-- duration: 9896ms -->
          <step title="Cleaning up temp files" date="2025-12-01T08:43:26.759" /><!-- duration: 565ms -->
          <step title="Reloading status file with latest updates" date="2025-12-01T08:43:27.461" >
            <step title="WebHooksManager.PublishEventAsync: PostDeployment" date="2025-12-01T08:43:27.478" /><!-- duration: 547ms -->
          </step><!-- duration: 592ms -->
          <step title="Cleaning up temporary deployment - fetch deployment was successful" date="2025-12-01T08:43:28.218" /><!-- duration: 77ms -->
        </step><!-- duration: 292043ms -->
      </step><!-- duration: 294706ms -->
