<step title="Incoming Request" date="2025-11-30T04:01:12.719" instance="c18970" url="/api/zipdeploy?isAsync=true" method="POST" type="request" pid="772,1,19" Accept="*/*" Host="cocoatrack-api-20251129203507.scm.azurewebsites.net" User-Agent="AZURECLI/2.80.0 (MSI)" Accept-Encoding="gzip, deflate" Authorization="Bea..." Cache-Control="no-cache" Content-Type="application/octet-stream" Content-Length="246283" x-ms-client-request-id="279f7cd9-cda1-11f0-89d7-70cf494b569e" x-ms-artifact-checksum="37a42e2c00f57c82a4c6f405182d6dbf9cc8770493fd5ba43e4bb6762a1b4fcf" X-ARR-LOG-ID="279f7cd9-cda1-11f0-89d7-70cf494b569e" CLIENT-IP="102.244.222.132:24079" X-SITE-DEPLOYMENT-ID="cocoatrack-api-20251129203507" WAS-DEFAULT-HOSTNAME="cocoatrack-api-20251129203507.scm.azurewebsites.net" X-Forwarded-Proto="https" X-AppService-Proto="https" X-Forwarded-TlsVersion="1.3" X-WAWS-Unencoded-URL="/api/zipdeploy?isAsync=true" X-Client-IP="102.244.222.132" X-Client-Port="24079" >
  <step title="Cleanup Xml Logs" date="2025-11-30T04:01:12.729" /><!-- duration: 17ms -->
  <step title="ZipPushDeploy" date="2025-11-30T04:01:14.197" >
    <step title="ZipDeploy. Extract zip. Remote build." date="2025-11-30T04:01:14.218" /><!-- duration: 8ms -->
    <step title="None repository commit" date="2025-11-30T04:01:14.242" >
      <step title="Commit id: c22fafc6-d181-491b-bf21-65050da210c7" date="2025-11-30T04:01:14.250" Message="N/A" AuthorName="N/A" AuthorEmail="N/A" /><!-- duration: 8ms -->
    </step><!-- duration: 23ms -->
    <step title="Starting PushDeployAsync" date="2025-11-30T04:01:14.274" /><!-- duration: 8ms -->
    <step title="Writing artifact to /tmp/zipdeploy/abc7b25b-6f76-4c34-812a-c72ed886796d.zip" date="2025-11-30T04:01:14.353" >
      <step title="Writing multipart request body to /tmp/zipdeploy/abc7b25b-6f76-4c34-812a-c72ed886796d.zip" date="2025-11-30T04:01:14.379" /><!-- duration: 14ms -->
    </step><!-- duration: 155ms -->
    <step title="Removing previous build artifact&apos;s manifest file" date="2025-11-30T04:01:14.520" >
      <step title="Start deployment in the background" date="2025-11-30T04:01:14.560" >
        <step title="Acquiring Deployment Lock" date="2025-11-30T04:01:14.608" /><!-- duration: 18ms -->
        <step title="Acquired Deployment Lock" date="2025-11-30T04:01:14.790" /><!-- duration: 22ms -->
      </step><!-- duration: 1107ms -->
    </step><!-- duration: 1215ms -->
    <step title="Outgoing response" date="2025-11-30T04:01:15.833" type="response" statusCode="202" statusText="Accepted" /><!-- duration: 19ms -->
  </step><!-- duration: 1674ms -->
