<step title="Incoming Request" date="2025-12-01T22:28:55.174" instance="c18970" url="/api/deployments/latest" method="GET" type="request" pid="774,1,17" Accept="*/*" Host="cocoatrack-api-20251129203507.scm.azurewebsites.net" User-Agent="AZURECLI/2.80.0 (MSI)" Accept-Encoding="gzip, deflate" Authorization="Bea..." x-ms-client-request-id="fd9f9288-cf04-11f0-88b6-70cf494b569e" X-ARR-LOG-ID="fd9f9288-cf04-11f0-88b6-70cf494b569e" CLIENT-IP="37.19.199.147:58186" X-SITE-DEPLOYMENT-ID="cocoatrack-api-20251129203507" WAS-DEFAULT-HOSTNAME="cocoatrack-api-20251129203507.scm.azurewebsites.net" X-Forwarded-Proto="https" X-AppService-Proto="https" X-Forwarded-TlsVersion="1.3" X-WAWS-Unencoded-URL="/api/deployments/latest" X-Client-IP="37.19.199.147" X-Client-Port="58186" >
  <step title="Cleanup Xml Logs" date="2025-12-01T22:28:55.195" >
    <step title="Cleanup Infos" date="2025-12-01T22:28:55.378" totalFiles="358" totalCleanup="198" /><!-- duration: 28ms -->
  </step><!-- duration: 233ms -->
  <step title="DeploymentService.GetResult" date="2025-12-01T22:28:55.820" >
    <step title="DeploymentService.GetLatestDeployment" date="2025-12-01T22:28:55.842" >
      <step title="DeploymentManager.GetResults" date="2025-12-01T22:28:55.860" /><!-- duration: 2387ms -->
    </step><!-- duration: 2461ms -->
  </step><!-- duration: 2510ms -->
  <step title="Outgoing response" date="2025-12-01T22:28:59.242" type="response" statusCode="202" statusText="Accepted" /><!-- duration: 44ms -->
</step><!-- duration: 4174ms -->
