<step title="Incoming Request" date="2025-12-02T05:17:30.375" instance="c18970" url="/api/deployments/latest?deployer=OneDeploy&amp;time=2025-12-02_05-12-29Z" method="GET" type="request" pid="772,1,24" Host="cocoatrack-api-20251129203507.scm.azurewebsites.net" User-Agent="GITHUBACTIONS_DeployWebAppToAzure_56d8412a3f1a6487d97d1c96128bd523292edbe2c3202b7d85158fbcd67b273e" Authorization="Bea..." Content-Type="application/json; charset=utf-8" Cookie="ARRAffinity=c1897021b9d0890aa7303bfdb1ba16dd5b9307bc22fe230a5624c152b0f71711;Path=/;HttpOnly;Secure;Domain=cocoatrack-api-20251129203507.scm.azurewebsites.net; ARRAffinitySameSite=c1897021b9d0890aa7303bfdb1ba16dd5b9307bc22fe230a5624c152b0f71711;Path=/;HttpOnly;SameSite=None;Secure;Domain=cocoatrack-api-20251129203507.scm.azurewebsites.net" Content-Length="0" X-ARR-LOG-ID="c8b14a04-c7d6-4ee9-ae63-b9f21586a8c2" CLIENT-IP="135.232.201.80:11200" X-SITE-DEPLOYMENT-ID="cocoatrack-api-20251129203507" WAS-DEFAULT-HOSTNAME="cocoatrack-api-20251129203507.scm.azurewebsites.net" X-Forwarded-Proto="https" X-AppService-Proto="https" X-Forwarded-TlsVersion="1.3" X-WAWS-Unencoded-URL="/api/deployments/latest?deployer=OneDeploy&amp;time=2025-12-02_05-12-29Z" X-Client-IP="135.232.201.80" X-Client-Port="11200" >
  <step title="Cleanup Xml Logs" date="2025-12-02T05:17:30.401" >
    <step title="Cleanup Infos" date="2025-12-02T05:17:30.560" totalFiles="453" totalCleanup="293" /><!-- duration: 87ms -->
  </step><!-- duration: 282ms -->
  <step title="DeploymentService.GetResult" date="2025-12-02T05:17:30.755" >
    <step title="DeploymentService.GetLatestDeployment" date="2025-12-02T05:17:30.830" >
      <step title="DeploymentManager.GetResults" date="2025-12-02T05:17:30.914" /><!-- duration: 2560ms -->
    </step><!-- duration: 2750ms -->
  </step><!-- duration: 2847ms -->
  <step title="Outgoing response" date="2025-12-02T05:17:33.686" type="response" statusCode="202" statusText="Accepted" /><!-- duration: 19ms -->
</step><!-- duration: 3371ms -->
