<step title="Incoming Request" date="2025-11-30T04:34:11.817" instance="c18970" url="/api/zipdeploy?isAsync=true" method="POST" type="request" pid="776,1,17" Accept="*/*" Host="cocoatrack-api-20251129203507.scm.azurewebsites.net" User-Agent="AZURECLI/2.80.0 (MSI)" Accept-Encoding="gzip, deflate" Authorization="Bea..." Cache-Control="no-cache" Content-Type="application/octet-stream" Content-Length="246294" x-ms-client-request-id="c39cdf1a-cda5-11f0-a8b5-70cf494b569e" x-ms-artifact-checksum="a67b181f04a6a6c2e83180c959d5bcc55c448022612f9c69e70efe8026182fc2" X-ARR-LOG-ID="c39cdf1a-cda5-11f0-a8b5-70cf494b569e" CLIENT-IP="102.244.222.132:12862" X-SITE-DEPLOYMENT-ID="cocoatrack-api-20251129203507" WAS-DEFAULT-HOSTNAME="cocoatrack-api-20251129203507.scm.azurewebsites.net" X-Forwarded-Proto="https" X-AppService-Proto="https" X-Forwarded-TlsVersion="1.3" X-WAWS-Unencoded-URL="/api/zipdeploy?isAsync=true" X-Client-IP="102.244.222.132" X-Client-Port="12862" >
  <step title="Cleanup Xml Logs" date="2025-11-30T04:34:11.825" /><!-- duration: 17ms -->
  <step title="ZipPushDeploy" date="2025-11-30T04:34:13.157" >
    <step title="ZipDeploy. Extract zip. Remote build." date="2025-11-30T04:34:13.195" /><!-- duration: 8ms -->
    <step title="None repository commit" date="2025-11-30T04:34:13.224" >
      <step title="Commit id: e88c4a4c-ff49-44cd-94ce-74301964eb33" date="2025-11-30T04:34:13.236" Message="N/A" AuthorName="N/A" AuthorEmail="N/A" /><!-- duration: 7ms -->
    </step><!-- duration: 31ms -->
    <step title="Starting PushDeployAsync" date="2025-11-30T04:34:13.266" /><!-- duration: 10ms -->
    <step title="Writing artifact to /tmp/zipdeploy/77f3bd17-c91c-4189-9fd7-2e19f54aeace.zip" date="2025-11-30T04:34:13.328" >
      <step title="Writing multipart request body to /tmp/zipdeploy/77f3bd17-c91c-4189-9fd7-2e19f54aeace.zip" date="2025-11-30T04:34:13.339" /><!-- duration: 18ms -->
    </step><!-- duration: 173ms -->
    <step title="Removing previous build artifact&apos;s manifest file" date="2025-11-30T04:34:13.517" >
      <step title="Start deployment in the background" date="2025-11-30T04:34:13.663" >
        <step title="Acquiring Deployment Lock" date="2025-11-30T04:34:13.712" /><!-- duration: 12ms -->
        <step title="Acquired Deployment Lock" date="2025-11-30T04:34:13.861" /><!-- duration: 9ms -->
      </step><!-- duration: 386ms -->
    </step><!-- duration: 550ms -->
    <step title="Outgoing response" date="2025-11-30T04:34:14.099" type="response" statusCode="202" statusText="Accepted" /><!-- duration: 11ms -->
  </step><!-- duration: 961ms -->
