﻿<?xml version="1.0" encoding="utf-8"?>
<deployment>
  <id>52e8a7ca-c4e1-49c6-9f56-bcf4e2896204</id>
  <author>N/A</author>
  <deployer>OneDeploy</deployer>
  <authorEmail>N/A</authorEmail>
  <message>OneDeploy</message>
  <progress></progress>
  <status>Success</status>
  <statusText></statusText>
  <lastSuccessEndTime>2025-12-10T12:07:41.353974Z</lastSuccessEndTime>
  <receivedTime>2025-12-10T12:06:49.2786696Z</receivedTime>
  <startTime>2025-12-10T12:06:50.6946274Z</startTime>
  <endTime>2025-12-10T12:07:41.353974Z</endTime>
  <complete>True</complete>
  <is_temp>False</is_temp>
  <is_readonly>True</is_readonly>
  <buildSummary />
</deployment>