﻿<?xml version="1.0" encoding="utf-8"?>
<deployment>
  <id>822e491d-b93b-4167-8743-b22ceb0b2021</id>
  <author>N/A</author>
  <deployer>Push-Deployer</deployer>
  <authorEmail>N/A</authorEmail>
  <message>Created via a push deployment</message>
  <progress></progress>
  <status>Success</status>
  <statusText></statusText>
  <lastSuccessEndTime>2025-12-01T07:58:17.5049899Z</lastSuccessEndTime>
  <receivedTime>2025-12-01T07:52:25.9867701Z</receivedTime>
  <startTime>2025-12-01T07:52:28.5852251Z</startTime>
  <endTime>2025-12-01T07:58:17.5049899Z</endTime>
  <complete>True</complete>
  <is_temp>False</is_temp>
  <is_readonly>True</is_readonly>
  <buildSummary />
</deployment>