﻿<?xml version="1.0" encoding="utf-8"?>
<deployment>
  <id>b06f2b4b-f359-40fc-9928-686a42bc9c7c</id>
  <author>N/A</author>
  <deployer>OneDeploy</deployer>
  <authorEmail>N/A</authorEmail>
  <message>OneDeploy</message>
  <progress></progress>
  <status>Success</status>
  <statusText></statusText>
  <lastSuccessEndTime>2025-12-09T16:54:26.4656919Z</lastSuccessEndTime>
  <receivedTime>2025-12-09T16:53:26.6555824Z</receivedTime>
  <startTime>2025-12-09T16:53:28.1227468Z</startTime>
  <endTime>2025-12-09T16:54:26.4656919Z</endTime>
  <complete>True</complete>
  <is_temp>False</is_temp>
  <is_readonly>True</is_readonly>
  <buildSummary />
</deployment>