﻿<?xml version="1.0" encoding="utf-8"?>
<deployment>
  <id>6baf43fa-07a1-45b9-9048-2741443dadef</id>
  <author>N/A</author>
  <deployer>Push-Deployer</deployer>
  <authorEmail>N/A</authorEmail>
  <message>Created via a push deployment</message>
  <progress></progress>
  <status>Success</status>
  <statusText></statusText>
  <lastSuccessEndTime>2025-12-01T23:01:59.338983Z</lastSuccessEndTime>
  <receivedTime>2025-12-01T22:55:36.4276415Z</receivedTime>
  <startTime>2025-12-01T22:55:38.0603209Z</startTime>
  <endTime>2025-12-01T23:01:59.338983Z</endTime>
  <complete>True</complete>
  <is_temp>False</is_temp>
  <is_readonly>True</is_readonly>
  <buildSummary />
</deployment>