﻿<?xml version="1.0" encoding="utf-8"?>
<deployment>
  <id>f63a4299-02d5-4f19-84da-a627eba22453</id>
  <author>N/A</author>
  <deployer>OneDeploy</deployer>
  <authorEmail>N/A</authorEmail>
  <message>OneDeploy</message>
  <progress></progress>
  <status>Success</status>
  <statusText></statusText>
  <lastSuccessEndTime>2025-12-10T12:25:12.1799884Z</lastSuccessEndTime>
  <receivedTime>2025-12-10T12:24:07.0818136Z</receivedTime>
  <startTime>2025-12-10T12:24:08.5269515Z</startTime>
  <endTime>2025-12-10T12:25:12.1799884Z</endTime>
  <complete>True</complete>
  <is_temp>False</is_temp>
  <is_readonly>True</is_readonly>
  <buildSummary />
</deployment>