<step title="Incoming Request" date="2025-12-09T16:29:22.035" instance="60744f" url="/api/zipdeploy?isAsync=true" method="POST" type="request" pid="768,1,15" Accept="*/*" Host="cocoatrack-api-prod.scm.azurewebsites.net" User-Agent="AZURECLI/2.80.0 (MSI)" Accept-Encoding="gzip, deflate" Authorization="Bea..." Cache-Control="no-cache" Content-Type="application/octet-stream" Content-Length="3419778" x-ms-client-request-id="24695290-d51c-11f0-a6e5-70cf494b569b" x-ms-artifact-checksum="bc0a7ccb520b20b1e67fca38e2def7cc0f77e82c83d911d4fc0eaeb2461c916b" X-ARR-LOG-ID="24695290-d51c-11f0-a6e5-70cf494b569b" CLIENT-IP="102.244.98.208:8368" X-SITE-DEPLOYMENT-ID="cocoatrack-api-prod" WAS-DEFAULT-HOSTNAME="cocoatrack-api-prod.scm.azurewebsites.net" X-Forwarded-Proto="https" X-AppService-Proto="https" X-Forwarded-TlsVersion="1.3" X-WAWS-Unencoded-URL="/api/zipdeploy?isAsync=true" X-Client-IP="102.244.98.208" X-Client-Port="8368" >
  <step title="ZipPushDeploy" date="2025-12-09T16:29:22.217" >
    <step title="ZipDeploy. Extract zip. Remote build." date="2025-12-09T16:29:22.227" /><!-- duration: 6ms -->
    <step title="None repository commit" date="2025-12-09T16:29:22.243" >
      <step title="Commit id: b5d70714-5b89-4f04-86ef-58cd7baa57e7" date="2025-12-09T16:29:22.248" Message="N/A" AuthorName="N/A" AuthorEmail="N/A" /><!-- duration: 5ms -->
    </step><!-- duration: 15ms -->
    <step title="Starting PushDeployAsync" date="2025-12-09T16:29:22.264" /><!-- duration: 5ms -->
    <step title="Writing artifact to /tmp/zipdeploy/24237dcc-2630-44f9-a73b-d8c30d709443.zip" date="2025-12-09T16:29:22.286" >
      <step title="Writing multipart request body to /tmp/zipdeploy/24237dcc-2630-44f9-a73b-d8c30d709443.zip" date="2025-12-09T16:29:22.292" /><!-- duration: 5ms -->
    </step><!-- duration: 47ms -->
    <step title="Start deployment in the background" date="2025-12-09T16:29:22.348" >
      <step title="Acquiring Deployment Lock" date="2025-12-09T16:29:22.379" /><!-- duration: 55ms -->
      <step title="Acquired Deployment Lock" date="2025-12-09T16:29:22.475" /><!-- duration: 5ms -->
    </step><!-- duration: 244ms -->
  </step><!-- duration: 382ms -->
  <step title="Outgoing response" date="2025-12-09T16:29:22.609" type="response" statusCode="202" statusText="Accepted" /><!-- duration: 5ms -->
</step><!-- duration: 585ms -->
