<step title="BackgroundTrace" date="2025-12-10T12:50:40.714" instance="60744f" url="/api/publish" method="POST" >
  <step title="Cleanup Xml Logs" date="2025-12-10T12:50:40.718" /><!-- duration: 11ms -->
  <step title="Creating temporary deployment - FetchDeploymentManager" date="2025-12-10T12:50:40.800" /><!-- duration: 5ms -->
  <step title="Creating temporary deployment" date="2025-12-10T12:50:40.810" /><!-- duration: 98ms -->
  <step title="Performing fetch based deployment" date="2025-12-10T12:50:40.953" >
    <step title="Cleaning up temp folders from previous zip deployments and extracting pushed zip file /tmp/zipdeploy/623467aa-f552-4c6b-b1d6-07f9f615de77.zip (3.26 MB) to /tmp/zipdeploy/extracted" date="2025-12-10T12:50:42.126" >
      <step title="ChmodRecursive Process exited with total time taken in ms: 30" date="2025-12-10T12:50:42.392" /><!-- duration: 6ms -->
    </step><!-- duration: 313ms -->
    <step title="Deployment timer started" date="2025-12-10T12:50:44.451" >
      <step title="DeploymentManager.Deploy(id:a78fe7c4-f235-4094-9045-df36ba48f514)" date="2025-12-10T12:50:44.462" >
        <step title="Collecting changeset information" date="2025-12-10T12:50:44.504" /><!-- duration: 97ms -->
        <step title="Updating submodules" date="2025-12-10T12:50:44.620" /><!-- duration: 1168ms -->
        <step title="Determining deployment builder" date="2025-12-10T12:50:46.031" >
          <step title="Builder is OryxBuilder" date="2025-12-10T12:50:46.044" /><!-- duration: 5ms -->
        </step><!-- duration: 24ms -->
        <step title="PreDeployment: context.CleanOutputPath False" date="2025-12-10T12:50:46.125" >
          <step title="PreDeployment: context.OutputPath /home/site/wwwroot" date="2025-12-10T12:50:46.322" >
            <step title="Building" date="2025-12-10T12:50:46.470" >
              <step title="Executing external process" date="2025-12-10T12:50:46.816" type="process" path="bash" arguments="-c &quot;oryx build /tmp/zipdeploy/extracted -o /home/site/wwwroot --platform python --platform-version 3.11 -p virtualenv_name=antenv --log-file /tmp/build-debug.log  -i /tmp/8de37eabcae6327 --compress-destination-dir | tee /tmp/oryx-build.log ; exit $PIPESTATUS &quot;" /><!-- duration: 60583ms -->
              <step title="Using PythonDeploymentLogParser" date="2025-12-10T12:51:47.819" /><!-- duration: 5ms -->
              <step title="Modified file to trigger a restart of the app container." date="2025-12-10T12:51:49.113" /><!-- duration: 8ms -->
              <step title="Skip function trigger and logicapp sync because function is not enabled." date="2025-12-10T12:51:49.128" /><!-- duration: 5ms -->
            </step><!-- duration: 63817ms -->
          </step><!-- duration: 63977ms -->
          <step title="Cleaning up temp files" date="2025-12-10T12:51:50.304" /><!-- duration: 704ms -->
          <step title="Cleaning up temp files" date="2025-12-10T12:51:51.013" /><!-- duration: 506ms -->
          <step title="Reloading status file with latest updates" date="2025-12-10T12:51:51.586" >
            <step title="WebHooksManager.PublishEventAsync: PostDeployment" date="2025-12-10T12:51:51.591" /><!-- duration: 36ms -->
          </step><!-- duration: 47ms -->
          <step title="Cleaning up temporary deployment - fetch deployment was successful" date="2025-12-10T12:51:51.641" /><!-- duration: 5ms -->
        </step><!-- duration: 65576ms -->
      </step><!-- duration: 67266ms -->
