<step title="Incoming Request" date="2025-12-10T12:50:35.965" instance="60744f" url="/api/publish?type=zip&amp;async=True" method="POST" type="request" pid="767,1,16" Accept="*/*" Host="cocoatrack-api-prod.scm.azurewebsites.net" User-Agent="AZURECLI/2.80.0 (MSI)" Accept-Encoding="gzip, deflate" Authorization="Bea..." Cache-Control="no-cache" Content-Type="application/octet-stream" Cookie="ARRAffinity=60744fb281ee7c3da65425757fc6252f7f0129baef2e8c097b212ac44c2046ca; ARRAffinitySameSite=60744fb281ee7c3da65425757fc6252f7f0129baef2e8c097b212ac44c2046ca" Content-Length="3420482" x-ms-client-request-id="c5035063-d5c6-11f0-8559-70cf494b569b" x-ms-artifact-checksum="89c4a38786e85a407d3e3202a5fd6fbaf780892e84d8b0943056ccf94ae1977e" X-ARR-LOG-ID="c5035063-d5c6-11f0-8559-70cf494b569b" CLIENT-IP="102.244.98.232:26245" X-SITE-DEPLOYMENT-ID="cocoatrack-api-prod" WAS-DEFAULT-HOSTNAME="cocoatrack-api-prod.scm.azurewebsites.net" X-Forwarded-Proto="https" X-AppService-Proto="https" X-Forwarded-TlsVersion="1.3" X-WAWS-Unencoded-URL="/api/publish?type=zip&amp;async=True" X-Client-IP="102.244.98.232" X-Client-Port="26245" >
  <step title="OneDeploy" date="2025-12-10T12:50:35.995" >
    <step title="None repository commit" date="2025-12-10T12:50:36.007" >
      <step title="Commit id: a78fe7c4-f235-4094-9045-df36ba48f514" date="2025-12-10T12:50:36.013" Message="N/A" AuthorName="N/A" AuthorEmail="N/A" /><!-- duration: 5ms -->
    </step><!-- duration: 16ms -->
    <step title="Starting PushDeployAsync" date="2025-12-10T12:50:36.028" /><!-- duration: 5ms -->
    <step title="Writing artifact to /tmp/zipdeploy/623467aa-f552-4c6b-b1d6-07f9f615de77.zip" date="2025-12-10T12:50:36.049" >
      <step title="Writing multipart request body to /tmp/zipdeploy/623467aa-f552-4c6b-b1d6-07f9f615de77.zip" date="2025-12-10T12:50:36.055" /><!-- duration: 5ms -->
    </step><!-- duration: 4629ms -->
    <step title="Removing previous build artifact&apos;s manifest file" date="2025-12-10T12:50:40.694" >
      <step title="Start deployment in the background" date="2025-12-10T12:50:40.708" >
        <step title="Acquiring Deployment Lock" date="2025-12-10T12:50:40.748" /><!-- duration: 5ms -->
        <step title="Acquired Deployment Lock" date="2025-12-10T12:50:40.790" /><!-- duration: 5ms -->
      </step><!-- duration: 206ms -->
    </step><!-- duration: 227ms -->
    <step title="Outgoing response" date="2025-12-10T12:50:40.928" type="response" statusCode="202" statusText="Accepted" /><!-- duration: 5ms -->
  </step><!-- duration: 4943ms -->
