<step title="Incoming Request" date="2025-12-10T13:26:29.414" instance="60744f" url="/api/publish?type=zip&amp;async=True" method="POST" type="request" pid="768,1,14" Accept="*/*" Host="cocoatrack-api-prod.scm.azurewebsites.net" User-Agent="AZURECLI/2.80.0 (MSI)" Accept-Encoding="gzip, deflate" Authorization="Bea..." Cache-Control="no-cache" Content-Type="application/octet-stream" Cookie="ARRAffinity=60744fb281ee7c3da65425757fc6252f7f0129baef2e8c097b212ac44c2046ca; ARRAffinitySameSite=60744fb281ee7c3da65425757fc6252f7f0129baef2e8c097b212ac44c2046ca" Content-Length="3420377" x-ms-client-request-id="ca0ba04a-d5cb-11f0-96d1-70cf494b569b" x-ms-artifact-checksum="61aa948afc8a4676755cbf535421d255bad508dae6a79e2d7f5334de43f2d840" X-ARR-LOG-ID="ca0ba04a-d5cb-11f0-96d1-70cf494b569b" CLIENT-IP="102.244.98.232:2491" X-SITE-DEPLOYMENT-ID="cocoatrack-api-prod" WAS-DEFAULT-HOSTNAME="cocoatrack-api-prod.scm.azurewebsites.net" X-Forwarded-Proto="https" X-AppService-Proto="https" X-Forwarded-TlsVersion="1.3" X-WAWS-Unencoded-URL="/api/publish?type=zip&amp;async=True" X-Client-IP="102.244.98.232" X-Client-Port="2491" >
  <step title="OneDeploy" date="2025-12-10T13:26:29.443" >
    <step title="None repository commit" date="2025-12-10T13:26:29.455" >
      <step title="Commit id: cae829c1-da51-41bd-b63f-e9e58391022a" date="2025-12-10T13:26:29.461" Message="N/A" AuthorName="N/A" AuthorEmail="N/A" /><!-- duration: 5ms -->
    </step><!-- duration: 17ms -->
    <step title="Starting PushDeployAsync" date="2025-12-10T13:26:29.477" /><!-- duration: 5ms -->
    <step title="Writing artifact to /tmp/zipdeploy/e5a22f87-c1df-42a0-987f-5d25a80f8d4f.zip" date="2025-12-10T13:26:29.500" >
      <step title="Writing multipart request body to /tmp/zipdeploy/e5a22f87-c1df-42a0-987f-5d25a80f8d4f.zip" date="2025-12-10T13:26:29.509" /><!-- duration: 5ms -->
    </step><!-- duration: 4048ms -->
    <step title="Removing previous build artifact&apos;s manifest file" date="2025-12-10T13:26:33.564" >
      <step title="Start deployment in the background" date="2025-12-10T13:26:33.579" >
        <step title="Acquiring Deployment Lock" date="2025-12-10T13:26:33.611" /><!-- duration: 5ms -->
        <step title="Acquired Deployment Lock" date="2025-12-10T13:26:33.674" /><!-- duration: 5ms -->
      </step><!-- duration: 201ms -->
    </step><!-- duration: 222ms -->
    <step title="Outgoing response" date="2025-12-10T13:26:33.795" type="response" statusCode="202" statusText="Accepted" /><!-- duration: 5ms -->
  </step><!-- duration: 4362ms -->
