<step title="BackgroundTrace" date="2025-12-09T16:53:22.890" instance="60744f" url="/api/publish" method="POST" >
  <step title="Cleanup Xml Logs" date="2025-12-09T16:53:22.894" /><!-- duration: 9ms -->
  <step title="Creating temporary deployment - FetchDeploymentManager" date="2025-12-09T16:53:22.965" /><!-- duration: 5ms -->
  <step title="Creating temporary deployment" date="2025-12-09T16:53:22.976" /><!-- duration: 60ms -->
  <step title="Performing fetch based deployment" date="2025-12-09T16:53:23.080" >
    <step title="Cleaning up temp folders from previous zip deployments and extracting pushed zip file /tmp/zipdeploy/2ddb6d4e-59b0-410a-a145-d029dd7c33b5.zip (3.26 MB) to /tmp/zipdeploy/extracted" date="2025-12-09T16:53:24.271" >
      <step title="ChmodRecursive Process exited with total time taken in ms: 38" date="2025-12-09T16:53:24.557" /><!-- duration: 5ms -->
    </step><!-- duration: 297ms -->
    <step title="Deployment timer started" date="2025-12-09T16:53:26.580" >
      <step title="DeploymentManager.Deploy(id:b06f2b4b-f359-40fc-9928-686a42bc9c7c)" date="2025-12-09T16:53:26.589" >
        <step title="Collecting changeset information" date="2025-12-09T16:53:26.619" /><!-- duration: 109ms -->
        <step title="Updating submodules" date="2025-12-09T16:53:26.738" /><!-- duration: 1173ms -->
        <step title="Determining deployment builder" date="2025-12-09T16:53:28.225" >
          <step title="Builder is OryxBuilder" date="2025-12-09T16:53:28.238" /><!-- duration: 5ms -->
        </step><!-- duration: 24ms -->
        <step title="PreDeployment: context.CleanOutputPath False" date="2025-12-09T16:53:28.321" >
          <step title="PreDeployment: context.OutputPath /home/site/wwwroot" date="2025-12-09T16:53:28.514" >
            <step title="Building" date="2025-12-09T16:53:28.696" >
              <step title="Executing external process" date="2025-12-09T16:53:29.090" type="process" path="bash" arguments="-c &quot;oryx build /tmp/zipdeploy/extracted -o /home/site/wwwroot --platform python --platform-version 3.11 -p virtualenv_name=antenv --log-file /tmp/build-debug.log  -i /tmp/8de37437a031c3f --compress-destination-dir | tee /tmp/oryx-build.log ; exit $PIPESTATUS &quot;" /><!-- duration: 54857ms -->
              <step title="Using PythonDeploymentLogParser" date="2025-12-09T16:54:24.424" /><!-- duration: 7ms -->
              <step title="Modified file to trigger a restart of the app container." date="2025-12-09T16:54:25.959" /><!-- duration: 9ms -->
              <step title="Skip function trigger and logicapp sync because function is not enabled." date="2025-12-09T16:54:25.975" /><!-- duration: 5ms -->
            </step><!-- duration: 58248ms -->
          </step><!-- duration: 58438ms -->
          <step title="Cleaning up temp files" date="2025-12-09T16:54:26.956" /><!-- duration: 754ms -->
          <step title="Cleaning up temp files" date="2025-12-09T16:54:27.719" /><!-- duration: 507ms -->
          <step title="Reloading status file with latest updates" date="2025-12-09T16:54:28.289" >
            <step title="WebHooksManager.PublishEventAsync: PostDeployment" date="2025-12-09T16:54:28.294" /><!-- duration: 30ms -->
          </step><!-- duration: 41ms -->
          <step title="Cleaning up temporary deployment - fetch deployment was successful" date="2025-12-09T16:54:28.339" /><!-- duration: 7ms -->
        </step><!-- duration: 60092ms -->
      </step><!-- duration: 61848ms -->
