<step title="BackgroundTrace" date="2025-12-10T13:40:47.081" instance="60744f" url="/api/publish" method="POST" >
  <step title="Cleanup Xml Logs" date="2025-12-10T13:40:47.085" /><!-- duration: 10ms -->
  <step title="Creating temporary deployment - FetchDeploymentManager" date="2025-12-10T13:40:47.173" /><!-- duration: 5ms -->
  <step title="Creating temporary deployment" date="2025-12-10T13:40:47.184" /><!-- duration: 127ms -->
  <step title="Performing fetch based deployment" date="2025-12-10T13:40:47.357" >
    <step title="Cleaning up temp folders from previous zip deployments and extracting pushed zip file /tmp/zipdeploy/309e64f2-76cf-4261-861c-c329eebf74ef.zip (3.26 MB) to /tmp/zipdeploy/extracted" date="2025-12-10T13:40:48.544" >
      <step title="ChmodRecursive Process exited with total time taken in ms: 31" date="2025-12-10T13:40:48.822" /><!-- duration: 5ms -->
    </step><!-- duration: 290ms -->
    <step title="Deployment timer started" date="2025-12-10T13:40:50.845" >
      <step title="DeploymentManager.Deploy(id:5f9a445a-e510-49a7-97b9-837da6c8f57f)" date="2025-12-10T13:40:50.857" >
        <step title="Collecting changeset information" date="2025-12-10T13:40:50.883" /><!-- duration: 131ms -->
        <step title="Updating submodules" date="2025-12-10T13:40:51.023" /><!-- duration: 1159ms -->
        <step title="Determining deployment builder" date="2025-12-10T13:40:52.465" >
          <step title="Builder is OryxBuilder" date="2025-12-10T13:40:52.479" /><!-- duration: 5ms -->
        </step><!-- duration: 24ms -->
        <step title="PreDeployment: context.CleanOutputPath False" date="2025-12-10T13:40:52.550" >
          <step title="PreDeployment: context.OutputPath /home/site/wwwroot" date="2025-12-10T13:40:52.699" >
            <step title="Building" date="2025-12-10T13:40:52.880" >
              <step title="Executing external process" date="2025-12-10T13:40:53.232" type="process" path="bash" arguments="-c &quot;oryx build /tmp/zipdeploy/extracted -o /home/site/wwwroot --platform python --platform-version 3.11 -p virtualenv_name=antenv --log-file /tmp/build-debug.log  -i /tmp/8de37f1bca7db7f --compress-destination-dir | tee /tmp/oryx-build.log ; exit $PIPESTATUS &quot;" /><!-- duration: 56207ms -->
              <step title="Using PythonDeploymentLogParser" date="2025-12-10T13:41:49.891" /><!-- duration: 7ms -->
              <step title="Modified file to trigger a restart of the app container." date="2025-12-10T13:41:51.408" /><!-- duration: 9ms -->
              <step title="Skip function trigger and logicapp sync because function is not enabled." date="2025-12-10T13:41:51.424" /><!-- duration: 6ms -->
            </step><!-- duration: 59763ms -->
          </step><!-- duration: 59954ms -->
          <step title="Cleaning up temp files" date="2025-12-10T13:41:52.658" /><!-- duration: 713ms -->
          <step title="Cleaning up temp files" date="2025-12-10T13:41:53.377" /><!-- duration: 507ms -->
          <step title="Reloading status file with latest updates" date="2025-12-10T13:41:53.947" >
            <step title="WebHooksManager.PublishEventAsync: PostDeployment" date="2025-12-10T13:41:53.959" /><!-- duration: 52ms -->
          </step><!-- duration: 69ms -->
          <step title="Cleaning up temporary deployment - fetch deployment was successful" date="2025-12-10T13:41:54.023" /><!-- duration: 5ms -->
        </step><!-- duration: 61550ms -->
      </step><!-- duration: 63268ms -->
