<step title="Incoming Request" date="2025-12-10T11:52:46.305" instance="60744f" url="/api/publish?type=zip&amp;async=True" method="POST" type="request" pid="768,1,16" Accept="*/*" Host="cocoatrack-api-prod.scm.azurewebsites.net" User-Agent="AZURECLI/2.80.0 (MSI)" Accept-Encoding="gzip, deflate" Authorization="Bea..." Cache-Control="no-cache" Content-Type="application/octet-stream" Cookie="ARRAffinity=60744fb281ee7c3da65425757fc6252f7f0129baef2e8c097b212ac44c2046ca; ARRAffinitySameSite=60744fb281ee7c3da65425757fc6252f7f0129baef2e8c097b212ac44c2046ca" Content-Length="3419765" x-ms-client-request-id="a3289aca-d5be-11f0-9524-70cf494b569b" x-ms-artifact-checksum="556944ed4a8aa52c2433b58aa8a19cc7546e04a5d8eb74eefda7afece38c3d7d" X-ARR-LOG-ID="a3289aca-d5be-11f0-9524-70cf494b569b" CLIENT-IP="102.244.98.232:8856" X-SITE-DEPLOYMENT-ID="cocoatrack-api-prod" WAS-DEFAULT-HOSTNAME="cocoatrack-api-prod.scm.azurewebsites.net" X-Forwarded-Proto="https" X-AppService-Proto="https" X-Forwarded-TlsVersion="1.3" X-WAWS-Unencoded-URL="/api/publish?type=zip&amp;async=True" X-Client-IP="102.244.98.232" X-Client-Port="8856" >
  <step title="OneDeploy" date="2025-12-10T11:52:46.360" >
    <step title="None repository commit" date="2025-12-10T11:52:46.372" >
      <step title="Commit id: cef8a2a0-6284-49d7-a2ee-0b4215c28ef1" date="2025-12-10T11:52:46.378" Message="N/A" AuthorName="N/A" AuthorEmail="N/A" /><!-- duration: 5ms -->
    </step><!-- duration: 16ms -->
    <step title="Starting PushDeployAsync" date="2025-12-10T11:52:46.393" /><!-- duration: 5ms -->
    <step title="Writing artifact to /tmp/zipdeploy/1ddb774e-1707-42cd-9feb-e9827dbce914.zip" date="2025-12-10T11:52:46.411" >
      <step title="Writing multipart request body to /tmp/zipdeploy/1ddb774e-1707-42cd-9feb-e9827dbce914.zip" date="2025-12-10T11:52:46.416" /><!-- duration: 5ms -->
    </step><!-- duration: 17067ms -->
    <step title="Removing previous build artifact&apos;s manifest file" date="2025-12-10T11:53:03.492" >
      <step title="Start deployment in the background" date="2025-12-10T11:53:03.505" >
        <step title="Acquiring Deployment Lock" date="2025-12-10T11:53:03.534" /><!-- duration: 5ms -->
        <step title="Acquired Deployment Lock" date="2025-12-10T11:53:03.611" /><!-- duration: 5ms -->
      </step><!-- duration: 211ms -->
    </step><!-- duration: 231ms -->
    <step title="Outgoing response" date="2025-12-10T11:53:03.731" type="response" statusCode="202" statusText="Accepted" /><!-- duration: 5ms -->
  </step><!-- duration: 17380ms -->
