<step title="Incoming Request" date="2025-12-10T12:23:58.716" instance="60744f" url="/api/publish?type=zip&amp;async=False" method="POST" type="request" pid="768,1,19" Accept="*/*" Host="cocoatrack-api-prod.scm.azurewebsites.net" User-Agent="AZURECLI/2.80.0 (MSI)" Accept-Encoding="gzip, deflate" Authorization="Bea..." Cache-Control="no-cache" Content-Type="application/octet-stream" Cookie="ARRAffinity=60744fb281ee7c3da65425757fc6252f7f0129baef2e8c097b212ac44c2046ca; ARRAffinitySameSite=60744fb281ee7c3da65425757fc6252f7f0129baef2e8c097b212ac44c2046ca" Content-Length="3419772" x-ms-client-request-id="0db95f12-d5c3-11f0-a0f7-70cf494b569b" x-ms-artifact-checksum="d826ce7d1fc15e36c52dc8865c5e71f59ed0fd4ce6ab056d94b04d4e04adb19e" X-ARR-LOG-ID="0db95f12-d5c3-11f0-a0f7-70cf494b569b" CLIENT-IP="102.244.98.232:9749" X-SITE-DEPLOYMENT-ID="cocoatrack-api-prod" WAS-DEFAULT-HOSTNAME="cocoatrack-api-prod.scm.azurewebsites.net" X-Forwarded-Proto="https" X-AppService-Proto="https" X-Forwarded-TlsVersion="1.3" X-WAWS-Unencoded-URL="/api/publish?type=zip&amp;async=False" X-Client-IP="102.244.98.232" X-Client-Port="9749" >
  <step title="OneDeploy" date="2025-12-10T12:23:58.747" >
    <step title="None repository commit" date="2025-12-10T12:23:58.759" >
      <step title="Commit id: f63a4299-02d5-4f19-84da-a627eba22453" date="2025-12-10T12:23:58.765" Message="N/A" AuthorName="N/A" AuthorEmail="N/A" /><!-- duration: 6ms -->
    </step><!-- duration: 19ms -->
    <step title="Starting PushDeployAsync" date="2025-12-10T12:23:58.782" /><!-- duration: 5ms -->
    <step title="Writing artifact to /tmp/zipdeploy/8a3a9af3-f2a3-48c4-803a-8adb494a5865.zip" date="2025-12-10T12:23:58.803" >
      <step title="Writing multipart request body to /tmp/zipdeploy/8a3a9af3-f2a3-48c4-803a-8adb494a5865.zip" date="2025-12-10T12:23:58.808" /><!-- duration: 5ms -->
    </step><!-- duration: 4495ms -->
    <step title="Removing previous build artifact&apos;s manifest file" date="2025-12-10T12:24:03.313" >
      <step title="Attempting to fetch target branch HEAD" date="2025-12-10T12:24:03.328" /><!-- duration: 5ms -->
      <step title="Acquiring Deployment Lock" date="2025-12-10T12:24:03.338" /><!-- duration: 5ms -->
      <step title="Acquired Deployment Lock" date="2025-12-10T12:24:03.390" /><!-- duration: 5ms -->
      <step title="Performing fetch based deployment" date="2025-12-10T12:24:03.406" >
        <step title="Creating temporary deployment" date="2025-12-10T12:24:03.411" /><!-- duration: 72ms -->
        <step title="Releasing Deployment Lock" date="2025-12-10T12:24:04.702" /><!-- duration: 9ms -->
        <step title="Cleaning up temp folders from previous zip deployments and extracting pushed zip file /tmp/zipdeploy/8a3a9af3-f2a3-48c4-803a-8adb494a5865.zip (3.26 MB) to /tmp/zipdeploy/extracted" date="2025-12-10T12:24:04.746" >
          <step title="ChmodRecursive Process exited with total time taken in ms: 32" date="2025-12-10T12:24:04.988" /><!-- duration: 5ms -->
        </step><!-- duration: 252ms -->
        <step title="None repository commit" date="2025-12-10T12:24:05.003" >
          <step title="Commit id: f63a4299-02d5-4f19-84da-a627eba22453" date="2025-12-10T12:24:05.009" Message="OneDeploy" AuthorName="N/A" AuthorEmail="N/A" /><!-- duration: 5ms -->
        </step><!-- duration: 15ms -->
        <step title="Deployment timer started" date="2025-12-10T12:24:07.025" >
          <step title="DeploymentManager.Deploy(id:f63a4299-02d5-4f19-84da-a627eba22453)" date="2025-12-10T12:24:07.032" >
            <step title="Collecting changeset information" date="2025-12-10T12:24:07.054" /><!-- duration: 88ms -->
            <step title="Updating submodules" date="2025-12-10T12:24:07.152" /><!-- duration: 1199ms -->
            <step title="Determining deployment builder" date="2025-12-10T12:24:08.601" >
              <step title="Builder is OryxBuilder" date="2025-12-10T12:24:08.619" /><!-- duration: 5ms -->
            </step><!-- duration: 28ms -->
            <step title="PreDeployment: context.CleanOutputPath False" date="2025-12-10T12:24:08.687" >
              <step title="PreDeployment: context.OutputPath /home/site/wwwroot" date="2025-12-10T12:24:08.828" >
                <step title="Building" date="2025-12-10T12:24:08.977" >
                  <step title="Executing external process" date="2025-12-10T12:24:09.337" type="process" path="bash" arguments="-c &quot;oryx build /tmp/zipdeploy/extracted -o /home/site/wwwroot --platform python --platform-version 3.11 -p virtualenv_name=antenv --log-file /tmp/build-debug.log  -i /tmp/8de37e7048a7ccc --compress-destination-dir | tee /tmp/oryx-build.log ; exit $PIPESTATUS &quot;" /><!-- duration: 60513ms -->
                  <step title="Using PythonDeploymentLogParser" date="2025-12-10T12:25:10.308" /><!-- duration: 6ms -->
                  <step title="Modified file to trigger a restart of the app container." date="2025-12-10T12:25:11.725" /><!-- duration: 6ms -->
                  <step title="Skip function trigger and logicapp sync because function is not enabled." date="2025-12-10T12:25:11.741" /><!-- duration: 5ms -->
                </step><!-- duration: 63736ms -->
              </step><!-- duration: 63895ms -->
              <step title="Cleaning up temp files" date="2025-12-10T12:25:12.728" /><!-- duration: 817ms -->
              <step title="Cleaning up temp files" date="2025-12-10T12:25:13.552" /><!-- duration: 511ms -->
              <step title="Reloading status file with latest updates" date="2025-12-10T12:25:14.108" >
                <step title="WebHooksManager.PublishEventAsync: PostDeployment" date="2025-12-10T12:25:14.114" /><!-- duration: 46ms -->
              </step><!-- duration: 57ms -->
              <step title="Cleaning up temporary deployment - fetch deployment was successful" date="2025-12-10T12:25:14.174" /><!-- duration: 5ms -->
            </step><!-- duration: 65543ms -->
          </step><!-- duration: 67217ms -->
          <step title="Outgoing response" date="2025-12-10T12:25:14.268" type="response" statusCode="200" statusText="OK" /><!-- duration: 5ms -->
        </step><!-- duration: 67253ms -->
