<step title="BackgroundTrace" date="2025-12-10T11:53:03.511" instance="60744f" url="/api/publish" method="POST" >
  <step title="Cleanup Xml Logs" date="2025-12-10T11:53:03.515" /><!-- duration: 8ms -->
  <step title="Creating temporary deployment - FetchDeploymentManager" date="2025-12-10T11:53:03.620" /><!-- duration: 5ms -->
  <step title="Creating temporary deployment" date="2025-12-10T11:53:03.630" /><!-- duration: 81ms -->
  <step title="Performing fetch based deployment" date="2025-12-10T11:53:03.753" >
    <step title="Cleaning up temp folders from previous zip deployments and extracting pushed zip file /tmp/zipdeploy/1ddb774e-1707-42cd-9feb-e9827dbce914.zip (3.26 MB) to /tmp/zipdeploy/extracted" date="2025-12-10T11:53:04.951" >
      <step title="ChmodRecursive Process exited with total time taken in ms: 30" date="2025-12-10T11:53:05.207" /><!-- duration: 5ms -->
    </step><!-- duration: 266ms -->
    <step title="Deployment timer started" date="2025-12-10T11:53:07.228" >
      <step title="DeploymentManager.Deploy(id:cef8a2a0-6284-49d7-a2ee-0b4215c28ef1)" date="2025-12-10T11:53:07.239" >
        <step title="Collecting changeset information" date="2025-12-10T11:53:07.255" /><!-- duration: 142ms -->
        <step title="Updating submodules" date="2025-12-10T11:53:07.405" /><!-- duration: 1215ms -->
        <step title="Determining deployment builder" date="2025-12-10T11:53:08.851" >
          <step title="Builder is OryxBuilder" date="2025-12-10T11:53:08.866" /><!-- duration: 6ms -->
        </step><!-- duration: 26ms -->
        <step title="PreDeployment: context.CleanOutputPath False" date="2025-12-10T11:53:08.943" >
          <step title="PreDeployment: context.OutputPath /home/site/wwwroot" date="2025-12-10T11:53:09.070" >
            <step title="Building" date="2025-12-10T11:53:09.247" >
              <step title="Executing external process" date="2025-12-10T11:53:09.547" type="process" path="bash" arguments="-c &quot;oryx build /tmp/zipdeploy/extracted -o /home/site/wwwroot --platform python --platform-version 3.11 -p virtualenv_name=antenv --log-file /tmp/build-debug.log  -i /tmp/8de37e2b00c102b --compress-destination-dir | tee /tmp/oryx-build.log ; exit $PIPESTATUS &quot;" /><!-- duration: 59383ms -->
              <step title="Using PythonDeploymentLogParser" date="2025-12-10T11:54:09.346" /><!-- duration: 5ms -->
              <step title="Modified file to trigger a restart of the app container." date="2025-12-10T11:54:10.979" /><!-- duration: 5ms -->
              <step title="Skip function trigger and logicapp sync because function is not enabled." date="2025-12-10T11:54:10.991" /><!-- duration: 6ms -->
            </step><!-- duration: 62620ms -->
          </step><!-- duration: 62807ms -->
          <step title="Cleaning up temp files" date="2025-12-10T11:54:11.881" /><!-- duration: 693ms -->
          <step title="Cleaning up temp files" date="2025-12-10T11:54:12.581" /><!-- duration: 506ms -->
          <step title="Reloading status file with latest updates" date="2025-12-10T11:54:13.141" >
            <step title="WebHooksManager.PublishEventAsync: PostDeployment" date="2025-12-10T11:54:13.146" /><!-- duration: 63ms -->
          </step><!-- duration: 73ms -->
          <step title="Cleaning up temporary deployment - fetch deployment was successful" date="2025-12-10T11:54:13.223" /><!-- duration: 5ms -->
        </step><!-- duration: 64342ms -->
      </step><!-- duration: 66069ms -->
