<step title="Incoming Request" date="2025-12-10T12:06:44.428" instance="60744f" url="/api/publish?type=zip&amp;async=True" method="POST" type="request" pid="768,1,27" Accept="*/*" Host="cocoatrack-api-prod.scm.azurewebsites.net" User-Agent="AZURECLI/2.80.0 (MSI)" Accept-Encoding="gzip, deflate" Authorization="Bea..." Cache-Control="no-cache" Content-Type="application/octet-stream" Cookie="ARRAffinity=60744fb281ee7c3da65425757fc6252f7f0129baef2e8c097b212ac44c2046ca; ARRAffinitySameSite=60744fb281ee7c3da65425757fc6252f7f0129baef2e8c097b212ac44c2046ca" Content-Length="537238" x-ms-client-request-id="a6727601-d5c0-11f0-a10f-70cf494b569b" x-ms-artifact-checksum="0c35c6cd8bb9215ad0b49af7e3e4e16d303e197289891c863c4861a914c514f0" X-ARR-LOG-ID="a6727601-d5c0-11f0-a10f-70cf494b569b" CLIENT-IP="102.244.98.232:21676" X-SITE-DEPLOYMENT-ID="cocoatrack-api-prod" WAS-DEFAULT-HOSTNAME="cocoatrack-api-prod.scm.azurewebsites.net" X-Forwarded-Proto="https" X-AppService-Proto="https" X-Forwarded-TlsVersion="1.3" X-WAWS-Unencoded-URL="/api/publish?type=zip&amp;async=True" X-Client-IP="102.244.98.232" X-Client-Port="21676" >
  <step title="OneDeploy" date="2025-12-10T12:06:44.440" >
    <step title="Starting PushDeployAsync" date="2025-12-10T12:06:44.452" /><!-- duration: 6ms -->
    <step title="Writing artifact to /tmp/zipdeploy/e076556c-b33f-4d70-b9f5-c4c90bc8497c.zip" date="2025-12-10T12:06:44.470" >
      <step title="Writing multipart request body to /tmp/zipdeploy/e076556c-b33f-4d70-b9f5-c4c90bc8497c.zip" date="2025-12-10T12:06:44.475" /><!-- duration: 5ms -->
    </step><!-- duration: 1213ms -->
    <step title="Removing previous build artifact&apos;s manifest file" date="2025-12-10T12:06:45.696" >
      <step title="Start deployment in the background" date="2025-12-10T12:06:45.709" >
        <step title="Acquiring Deployment Lock" date="2025-12-10T12:06:45.736" /><!-- duration: 5ms -->
        <step title="Acquired Deployment Lock" date="2025-12-10T12:06:45.774" /><!-- duration: 5ms -->
      </step><!-- duration: 153ms -->
    </step><!-- duration: 172ms -->
    <step title="Outgoing response" date="2025-12-10T12:06:45.874" type="response" statusCode="202" statusText="Accepted" /><!-- duration: 5ms -->
  </step><!-- duration: 1444ms -->
