<step title="Incoming Request" date="2025-12-10T13:06:15.554" instance="60744f" url="/api/publish?type=zip&amp;async=True" method="POST" type="request" pid="768,1,17" Accept="*/*" Host="cocoatrack-api-prod.scm.azurewebsites.net" User-Agent="AZURECLI/2.80.0 (MSI)" Accept-Encoding="gzip, deflate" Authorization="Bea..." Cache-Control="no-cache" Content-Type="application/octet-stream" Cookie="ARRAffinity=60744fb281ee7c3da65425757fc6252f7f0129baef2e8c097b212ac44c2046ca; ARRAffinitySameSite=60744fb281ee7c3da65425757fc6252f7f0129baef2e8c097b212ac44c2046ca" Content-Length="3420482" x-ms-client-request-id="f59d3f73-d5c8-11f0-a0df-70cf494b569b" x-ms-artifact-checksum="e47ad78024ddf032a5772283813d3615a65115c515a15808ab1d7854701be1b5" X-ARR-LOG-ID="f59d3f73-d5c8-11f0-a0df-70cf494b569b" CLIENT-IP="102.244.98.232:24098" X-SITE-DEPLOYMENT-ID="cocoatrack-api-prod" WAS-DEFAULT-HOSTNAME="cocoatrack-api-prod.scm.azurewebsites.net" X-Forwarded-Proto="https" X-AppService-Proto="https" X-Forwarded-TlsVersion="1.3" X-WAWS-Unencoded-URL="/api/publish?type=zip&amp;async=True" X-Client-IP="102.244.98.232" X-Client-Port="24098" >
  <step title="OneDeploy" date="2025-12-10T13:06:15.584" >
    <step title="None repository commit" date="2025-12-10T13:06:15.601" >
      <step title="Commit id: 60131a8d-e3b4-4d44-94eb-1e052303f6c6" date="2025-12-10T13:06:15.608" Message="N/A" AuthorName="N/A" AuthorEmail="N/A" /><!-- duration: 6ms -->
    </step><!-- duration: 17ms -->
    <step title="Starting PushDeployAsync" date="2025-12-10T13:06:15.624" /><!-- duration: 5ms -->
    <step title="Writing artifact to /tmp/zipdeploy/f696b268-dafd-42fd-bb78-1d72d2d95b0e.zip" date="2025-12-10T13:06:15.645" >
      <step title="Writing multipart request body to /tmp/zipdeploy/f696b268-dafd-42fd-bb78-1d72d2d95b0e.zip" date="2025-12-10T13:06:15.651" /><!-- duration: 6ms -->
    </step><!-- duration: 5907ms -->
    <step title="Removing previous build artifact&apos;s manifest file" date="2025-12-10T13:06:21.567" >
      <step title="Start deployment in the background" date="2025-12-10T13:06:21.582" >
        <step title="Acquiring Deployment Lock" date="2025-12-10T13:06:21.619" /><!-- duration: 10ms -->
        <step title="Acquired Deployment Lock" date="2025-12-10T13:06:21.673" /><!-- duration: 5ms -->
      </step><!-- duration: 229ms -->
    </step><!-- duration: 250ms -->
    <step title="Outgoing response" date="2025-12-10T13:06:21.826" type="response" statusCode="202" statusText="Accepted" /><!-- duration: 6ms -->
  </step><!-- duration: 6253ms -->
