<step title="BackgroundTrace" date="2025-12-10T13:06:21.587" instance="60744f" url="/api/publish" method="POST" >
  <step title="Cleanup Xml Logs" date="2025-12-10T13:06:21.591" /><!-- duration: 10ms -->
  <step title="Creating temporary deployment - FetchDeploymentManager" date="2025-12-10T13:06:21.684" /><!-- duration: 5ms -->
  <step title="Creating temporary deployment" date="2025-12-10T13:06:21.694" /><!-- duration: 110ms -->
  <step title="Performing fetch based deployment" date="2025-12-10T13:06:21.854" >
    <step title="Cleaning up temp folders from previous zip deployments and extracting pushed zip file /tmp/zipdeploy/f696b268-dafd-42fd-bb78-1d72d2d95b0e.zip (3.26 MB) to /tmp/zipdeploy/extracted" date="2025-12-10T13:06:23.028" >
      <step title="ChmodRecursive Process exited with total time taken in ms: 36" date="2025-12-10T13:06:23.313" /><!-- duration: 5ms -->
    </step><!-- duration: 295ms -->
    <step title="Deployment timer started" date="2025-12-10T13:06:25.335" >
      <step title="DeploymentManager.Deploy(id:60131a8d-e3b4-4d44-94eb-1e052303f6c6)" date="2025-12-10T13:06:25.342" >
        <step title="Collecting changeset information" date="2025-12-10T13:06:25.359" /><!-- duration: 103ms -->
        <step title="Updating submodules" date="2025-12-10T13:06:25.475" /><!-- duration: 1153ms -->
        <step title="Determining deployment builder" date="2025-12-10T13:06:26.897" >
          <step title="Builder is OryxBuilder" date="2025-12-10T13:06:26.912" /><!-- duration: 5ms -->
        </step><!-- duration: 25ms -->
        <step title="PreDeployment: context.CleanOutputPath False" date="2025-12-10T13:06:26.991" >
          <step title="PreDeployment: context.OutputPath /home/site/wwwroot" date="2025-12-10T13:06:27.137" >
            <step title="Building" date="2025-12-10T13:06:27.301" >
              <step title="Executing external process" date="2025-12-10T13:06:27.695" type="process" path="bash" arguments="-c &quot;oryx build /tmp/zipdeploy/extracted -o /home/site/wwwroot --platform python --platform-version 3.11 -p virtualenv_name=antenv --log-file /tmp/build-debug.log  -i /tmp/8de37eced7b4fc4 --compress-destination-dir | tee /tmp/oryx-build.log ; exit $PIPESTATUS &quot;" /><!-- duration: 61476ms -->
              <step title="Using PythonDeploymentLogParser" date="2025-12-10T13:07:29.601" /><!-- duration: 6ms -->
              <step title="Modified file to trigger a restart of the app container." date="2025-12-10T13:07:31.116" /><!-- duration: 8ms -->
              <step title="Skip function trigger and logicapp sync because function is not enabled." date="2025-12-10T13:07:31.131" /><!-- duration: 5ms -->
            </step><!-- duration: 65022ms -->
          </step><!-- duration: 65196ms -->
          <step title="Cleaning up temp files" date="2025-12-10T13:07:32.339" /><!-- duration: 748ms -->
          <step title="Cleaning up temp files" date="2025-12-10T13:07:33.093" /><!-- duration: 506ms -->
          <step title="Reloading status file with latest updates" date="2025-12-10T13:07:33.665" >
            <step title="WebHooksManager.PublishEventAsync: PostDeployment" date="2025-12-10T13:07:33.671" /><!-- duration: 39ms -->
          </step><!-- duration: 51ms -->
          <step title="Cleaning up temporary deployment - fetch deployment was successful" date="2025-12-10T13:07:33.725" /><!-- duration: 5ms -->
        </step><!-- duration: 66801ms -->
      </step><!-- duration: 68474ms -->
