<step title="Incoming Request" date="2025-12-10T13:40:42.631" instance="60744f" url="/api/publish?type=zip&amp;async=True" method="POST" type="request" pid="768,1,7" Accept="*/*" Host="cocoatrack-api-prod.scm.azurewebsites.net" User-Agent="AZURECLI/2.80.0 (MSI)" Accept-Encoding="gzip, deflate" Authorization="Bea..." Cache-Control="no-cache" Content-Type="application/octet-stream" Cookie="ARRAffinity=60744fb281ee7c3da65425757fc6252f7f0129baef2e8c097b212ac44c2046ca; ARRAffinitySameSite=60744fb281ee7c3da65425757fc6252f7f0129baef2e8c097b212ac44c2046ca" Content-Length="3420294" x-ms-client-request-id="c67849b5-d5cd-11f0-b046-70cf494b569b" x-ms-artifact-checksum="b8a0385d2d8ea9ec82ca7def7d339a50181ecaa237cd155124fb7408af355c07" X-ARR-LOG-ID="c67849b5-d5cd-11f0-b046-70cf494b569b" CLIENT-IP="102.244.98.232:11548" X-SITE-DEPLOYMENT-ID="cocoatrack-api-prod" WAS-DEFAULT-HOSTNAME="cocoatrack-api-prod.scm.azurewebsites.net" X-Forwarded-Proto="https" X-AppService-Proto="https" X-Forwarded-TlsVersion="1.3" X-WAWS-Unencoded-URL="/api/publish?type=zip&amp;async=True" X-Client-IP="102.244.98.232" X-Client-Port="11548" >
  <step title="OneDeploy" date="2025-12-10T13:40:42.670" >
    <step title="None repository commit" date="2025-12-10T13:40:42.684" >
      <step title="Commit id: 5f9a445a-e510-49a7-97b9-837da6c8f57f" date="2025-12-10T13:40:42.705" Message="N/A" AuthorName="N/A" AuthorEmail="N/A" /><!-- duration: 7ms -->
    </step><!-- duration: 37ms -->
    <step title="Starting PushDeployAsync" date="2025-12-10T13:40:42.726" /><!-- duration: 5ms -->
    <step title="Writing artifact to /tmp/zipdeploy/309e64f2-76cf-4261-861c-c329eebf74ef.zip" date="2025-12-10T13:40:42.752" >
      <step title="Writing multipart request body to /tmp/zipdeploy/309e64f2-76cf-4261-861c-c329eebf74ef.zip" date="2025-12-10T13:40:42.757" /><!-- duration: 5ms -->
    </step><!-- duration: 4293ms -->
    <step title="Removing previous build artifact&apos;s manifest file" date="2025-12-10T13:40:47.061" >
      <step title="Start deployment in the background" date="2025-12-10T13:40:47.076" >
        <step title="Acquiring Deployment Lock" date="2025-12-10T13:40:47.108" /><!-- duration: 5ms -->
        <step title="Acquired Deployment Lock" date="2025-12-10T13:40:47.162" /><!-- duration: 5ms -->
      </step><!-- duration: 241ms -->
    </step><!-- duration: 261ms -->
    <step title="Outgoing response" date="2025-12-10T13:40:47.332" type="response" statusCode="202" statusText="Accepted" /><!-- duration: 5ms -->
  </step><!-- duration: 4671ms -->
