﻿<?xml version="1.0" encoding="utf-8"?>
<deployment>
  <id>cae829c1-da51-41bd-b63f-e9e58391022a</id>
  <author>N/A</author>
  <deployer>OneDeploy</deployer>
  <authorEmail>N/A</authorEmail>
  <message>OneDeploy</message>
  <progress></progress>
  <status>Success</status>
  <statusText></statusText>
  <lastSuccessEndTime>2025-12-10T13:27:45.2401495Z</lastSuccessEndTime>
  <receivedTime>2025-12-10T13:26:37.489926Z</receivedTime>
  <startTime>2025-12-10T13:26:38.908344Z</startTime>
  <endTime>2025-12-10T13:27:45.2401495Z</endTime>
  <complete>True</complete>
  <is_temp>False</is_temp>
  <is_readonly>True</is_readonly>
  <buildSummary />
</deployment>