﻿<?xml version="1.0" encoding="utf-8"?>
<deployment>
  <id>a46f04cc-8027-4efc-9d50-18a5aa90199a</id>
  <author>N/A</author>
  <deployer>OneDeploy</deployer>
  <authorEmail>N/A</authorEmail>
  <message>OneDeploy</message>
  <progress></progress>
  <status>Success</status>
  <statusText></statusText>
  <lastSuccessEndTime>2025-12-02T05:17:48.3777555Z</lastSuccessEndTime>
  <receivedTime>2025-12-02T05:12:33.4991425Z</receivedTime>
  <startTime>2025-12-02T05:12:35.1825119Z</startTime>
  <endTime>2025-12-02T05:17:48.3777555Z</endTime>
  <complete>True</complete>
  <is_temp>False</is_temp>
  <is_readonly>True</is_readonly>
  <buildSummary />
</deployment>